date,carbon_price,carbon_price_change_pct,gas_price_weekly,gas_price_lag1,vix,co2_ppm,co2_change,days_to_next_cop,is_cop_week
2015-01-11,7.13,6.259314456035758,3.03,3.09,18.981999969482423,400.36,0.07749031371078186,323,0
2015-01-18,6.8,-4.628330995792429,3.08,3.03,20.995999908447267,399.7,-0.1648516335298278,316,0
2015-01-25,7.08,4.117647058823537,2.95,3.08,17.949999809265137,400.39,0.17262947210407997,309,0
2015-02-01,6.95,-1.836158192090398,2.91,2.95,18.58199996948242,400.44,0.012487824371243406,302,0
2015-02-08,7.63,9.784172661870505,2.72,2.91,17.846000289916994,400.14,-0.07491759065029191,295,0
2015-02-15,7.32,-4.062909567496719,2.75,2.72,16.553999519348146,400.11,-0.007497375918419369,288,0
2015-02-22,7.1,-3.0054644808743203,2.9,2.75,15.210000038146973,401.53,0.3549024018394853,281,0
2015-03-01,6.8,-4.225352112676051,3.13,2.9,13.868000030517578,401.48,-0.012452369685944653,274,0
2015-03-08,6.46,-4.999999999999993,3.04,3.13,14.073999786376953,402.23,0.1868088074125751,267,0
2015-03-15,7.04,8.978328173374607,2.76,3.04,16.008000373840332,400.97,-0.313253611118014,260,0
2015-03-22,6.76,-3.9772727272727293,2.8,2.76,14.465999984741211,401.97,0.24939521659974595,253,0
2015-03-29,7.15,5.769230769230771,2.79,2.8,14.667999839782714,402.0,0.007463243525629437,246,0
2015-04-05,6.94,-2.9370629370629397,2.64,2.79,14.894999980926514,403.39,0.345771144278606,239,0
2015-04-12,6.84,-1.4409221902017322,2.67,2.64,13.833999824523925,404.23,0.20823520662387462,232,0
2015-04-19,7.28,6.432748538011701,2.61,2.67,13.388000106811523,403.27,-0.2374885584939368,225,0
2015-04-26,7.48,2.7472527472527597,2.6,2.61,12.805999946594238,403.99,0.17854043196865454,218,0
2015-05-03,7.53,0.6684491978609541,2.57,2.6,13.23400001525879,404.33,0.08416049902224554,211,0
2015-05-10,7.59,0.7968127490039834,2.75,2.57,14.060000038146972,404.16,-0.04204486434347121,204,0
2015-05-17,7.3,-3.820816864295129,2.88,2.75,13.318000030517577,404.16,0.0,197,0
2015-05-24,7.32,0.273972602739736,2.99,2.88,12.539999961853027,403.99,-0.04206254948535548,190,0
2015-05-31,7.4,1.0928961748633892,2.8,2.99,13.62000036239624,403.37,-0.15346914527587519,183,0
2015-06-07,7.61,2.837837837837842,2.65,2.8,14.157999992370605,403.41,0.00991645387609097,176,0
2015-06-14,7.41,-2.6281208935611033,2.78,2.65,13.922000122070312,402.56,-0.21070375052676393,169,0
2015-06-21,7.52,1.4844804318488558,2.9,2.78,14.370000076293945,402.88,0.07949125596184992,162,0
2015-06-28,7.42,-1.3297872340425454,2.8,2.9,13.228000068664551,402.33,-0.13651707704527283,155,0
2015-07-05,7.59,2.2911051212938016,2.79,2.8,17.490000247955322,401.9,-0.10687743891830692,148,0
2015-07-12,7.72,1.7127799736495364,2.75,2.79,17.911999893188476,401.57,-0.08210997760637051,141,0
2015-07-19,7.98,3.3678756476684057,2.89,2.75,12.911999702453613,401.43,-0.03486316208879403,134,0
2015-07-26,7.85,-1.6290726817042689,2.88,2.89,12.594000053405761,400.38,-0.2615649054629743,127,0
2015-08-02,7.76,-1.146496815286624,2.87,2.88,13.157999992370605,398.54,-0.4595634147559702,120,0
2015-08-09,8.3,6.958762886597958,2.8,2.87,13.046000289916993,399.37,0.20826014954584693,113,0
2015-08-16,8.18,-1.4457831325301318,2.88,2.8,13.173999786376953,399.32,-0.012519718556724957,106,0
2015-08-23,8.09,-1.1002444987775029,2.75,2.88,17.846000099182127,399.04,-0.0701192026444919,99,0
2015-08-30,8.07,-0.24721878862793423,2.69,2.75,31.846000289916994,398.68,-0.09021651964715716,92,0
2015-09-06,8.24,2.106567534076831,2.69,2.69,27.86599998474121,397.96,-0.18059596669008915,85,0
2015-09-13,8.09,-1.8203883495145678,2.7,2.69,24.675000190734863,397.43,-0.13317921399135235,78,0
2015-09-20,7.98,-1.3597033374536438,2.7,2.7,22.312000274658203,397.52,0.022645497320272767,71,0
2015-09-27,8.13,1.8796992481203034,2.61,2.7,22.35999984741211,397.41,-0.02767156369489765,64,0
2015-10-04,8.33,2.4600246002459913,2.49,2.61,24.489999771118164,398.56,0.2893736946730119,57,0
2015-10-11,8.38,0.6002400960384291,2.38,2.49,18.368000030517578,398.37,-0.04767161782416318,50,0
2015-10-18,8.62,2.8639618138424527,2.48,2.38,16.59400005340576,398.71,0.0853477922534207,43,0
2015-10-25,8.63,0.11600928074246841,2.38,2.48,15.268000030517578,398.68,-0.007524265757063997,36,0
2015-11-01,8.4,-2.665121668597914,2.12,2.38,14.945999908447266,399.26,0.14548008427810455,29,0
2015-11-08,8.39,-0.11904761904761862,2.02,2.12,14.715999984741211,400.22,0.24044482292242542,22,0
2015-11-15,8.51,1.4302741358760418,2.11,2.02,17.264000129699706,400.55,0.0824546499425205,15,0
2015-11-22,8.58,0.8225616921269108,2.09,2.11,17.26200008392334,400.58,0.007489701660201575,8,0
2015-11-29,8.52,-0.6993006993007089,2.15,2.09,15.464999914169312,401.0,0.10484797044285621,1,1
2015-12-06,8.07,-5.281690140845063,2.13,2.15,15.926000022888184,401.52,0.12967581047380605,337,0
2015-12-13,8.06,-0.12391573729862992,1.96,2.13,19.3560001373291,402.55,0.2565252042239674,330,0
2015-12-20,8.19,1.6129032258064502,1.72,1.96,20.23600044250488,402.81,0.06458824990684953,323,0
2015-12-27,8.22,0.3663003663003872,1.68,1.72,16.65250015258789,402.28,-0.1315756808420887,316,0
2016-01-03,7.41,-9.85401459854015,2.27,1.68,17.12249994277954,402.32,0.00994332305856993,309,0
2016-01-10,6.67,-9.986504723346833,2.38,2.27,22.526000213623046,402.65,0.08202425929608737,302,0
2016-01-17,6.32,-5.247376311844077,2.32,2.38,24.591999816894532,402.78,0.032286104557299744,295,0
2016-01-24,6.04,-4.430379746835444,2.2,2.32,25.667500019073486,403.33,0.1365509707532686,288,0
2016-01-31,5.54,-8.278145695364236,2.22,2.2,22.476000213623045,404.75,0.35206902536384366,281,0
2016-02-07,5.05,-8.844765342960292,2.11,2.22,21.765999603271485,403.98,-0.1902408894379204,274,0
2016-02-14,5.15,1.980198019801982,2.16,2.11,26.47400016784668,403.85,-0.03217981088172728,267,0
2016-02-21,4.98,-3.300970873786402,1.94,2.16,22.147500038146973,404.59,0.1832363501299783,260,0
2016-02-28,4.92,-1.2048192771084487,1.82,1.94,19.999999618530275,404.24,-0.08650732840652653,253,0
2016-03-06,4.98,1.2195121951219523,1.57,1.82,17.780000305175783,404.18,-0.01484266772214804,246,0
2016-03-13,4.93,-1.0040160642570406,1.64,1.57,17.78199996948242,404.97,0.19545746944431563,239,0
2016-03-20,4.84,-1.8255578093306246,1.79,1.64,15.442000007629394,405.85,0.21730004691704607,232,0
2016-03-27,5.16,6.6115702479338845,1.79,1.79,14.40999984741211,405.64,-0.05174325489714082,225,0
2016-04-03,5.41,4.844961240310086,1.86,1.79,13.934000015258789,406.78,0.2810373730401272,218,0
2016-04-10,5.47,1.109057301293892,1.96,1.86,15.029999923706054,408.91,0.5236245636462078,211,0
2016-04-17,5.96,8.957952468007324,1.9,1.96,14.458000183105469,407.64,-0.310581790614084,204,0
2016-04-24,6.17,3.523489932885915,1.91,1.9,13.407999992370605,407.9,0.063781768226856,197,0
2016-05-01,5.85,-5.186385737439226,1.92,1.91,14.546000099182129,407.73,-0.04167688158861482,190,0
2016-05-08,5.84,-0.17094017094017033,1.96,1.92,15.392000007629395,408.05,0.07848331003359466,183,0
2016-05-15,5.95,1.8835616438356295,2.0,1.96,14.467999839782715,407.49,-0.1372380835681919,176,0
2016-05-22,6.02,1.17647058823529,1.89,2.0,15.545999908447266,408.51,0.25031289111387967,169,0
2016-05-29,5.93,-1.4950166112956742,1.84,1.89,14.13799991607666,407.64,-0.2129690827641917,162,0
2016-06-05,5.94,0.1686340640809636,2.15,1.84,13.872499942779541,407.04,-0.14718869590815142,155,0
2016-06-12,5.66,-4.7138047138047146,2.36,2.15,14.69000015258789,407.39,0.0859866352201255,148,0
2016-06-19,4.95,-12.54416961130742,2.59,2.36,20.077999877929688,406.85,-0.13255111809321596,141,0
2016-06-26,4.61,-6.8686868686868685,2.75,2.59,20.206000137329102,406.17,-0.1671377657613382,134,0
2016-07-03,4.53,-1.7353579175705014,2.89,2.75,17.928000068664552,405.75,-0.10340497821109684,127,0
2016-07-10,4.92,8.609271523178808,2.82,2.89,14.625,404.68,-0.2637091805298808,120,0
2016-07-17,4.55,-7.520325203252032,2.81,2.82,13.123999977111817,403.59,-0.2693486211327589,113,0
2016-07-24,4.41,-3.076923076923066,2.79,2.81,12.188000106811524,404.04,0.11149929383782453,106,0
2016-07-31,4.72,7.029478458049887,2.85,2.79,12.668000030517579,403.68,-0.08910008910009148,99,0
2016-08-07,4.89,3.601694915254239,2.88,2.85,12.495999908447265,403.08,-0.14863258026159842,92,0
2016-08-14,4.76,-2.6584867075664653,2.77,2.88,11.688000106811524,402.05,-0.2555324005160231,85,0
2016-08-21,4.69,-1.4705882352941013,2.73,2.77,11.882000160217284,402.11,0.014923516975495765,78,0
2016-08-28,4.08,-13.006396588486147,2.82,2.73,13.076000022888184,401.16,-0.2362537614085669,71,0
2016-09-04,4.08,0.0,2.94,2.82,12.987999725341798,401.18,0.004985541928403947,64,0
2016-09-11,4.36,6.8627450980392135,2.87,2.94,13.492500066757202,401.47,0.07228675407549012,57,0
2016-09-18,4.54,4.128440366972463,3.02,2.87,16.563999748229982,401.08,-0.09714299947692906,50,0
2016-09-25,4.96,9.251101321585908,3.11,3.02,13.81200008392334,400.94,-0.03490575446294386,43,0
2016-10-02,5.69,14.717741935483875,3.01,3.11,13.460000228881835,401.13,0.04738863670374904,36,0
2016-10-09,5.81,2.1089630931458547,2.91,3.01,13.301999855041505,401.78,0.16204223069826718,29,0
2016-10-16,5.89,1.376936316695354,3.17,2.91,15.492000198364257,401.86,0.01991139429540212,22,0
2016-10-23,5.88,-0.1697792869269965,3.14,3.17,14.597999763488769,402.35,0.12193301149654445,15,0
2016-10-30,6.41,9.013605442176864,2.72,3.14,14.454000091552734,403.0,0.1615508885298711,8,0
2016-11-06,5.67,-11.544461778471138,2.5,2.72,19.905999755859376,403.0,0.0,1,1
2016-11-13,5.58,-1.5873015873015817,2.22,2.5,16.14799976348877,403.79,0.19602977667494415,358,0
2016-11-20,5.0,-10.39426523297491,2.44,2.22,13.554000091552734,404.19,0.09906139329849406,351,0
2016-11-27,4.3,-14.000000000000002,2.76,2.44,12.400000095367432,404.75,0.13854870234295547,344,0
2016-12-04,4.46,3.7209302325581506,3.21,2.76,13.513999748229981,404.09,-0.16306361951822224,337,0
2016-12-11,4.93,10.538116591928247,3.69,3.21,12.108000183105469,405.03,0.23262144571754018,330,0
2016-12-18,6.22,26.166328600405684,3.57,3.69,12.707999992370606,404.62,-0.10122706959977412,323,0
2016-12-25,6.54,5.144694533762073,3.51,3.57,11.460000038146973,404.96,0.0840294597399982,316,0
2017-01-01,5.03,-23.088685015290512,3.69,3.51,13.087499856948853,406.14,0.29138680363491876,309,0
2017-01-08,5.03,0.0,3.47,3.69,11.922500133514404,406.2,0.014773230905595902,302,0
2017-01-15,5.42,7.753479125248508,3.27,3.47,11.41599998474121,406.41,0.051698670605615504,295,0
2017-01-22,4.91,-9.409594095940953,3.29,3.27,12.167499780654907,406.71,0.0738170812725869,288,0
2017-01-29,5.49,11.812627291242372,3.27,3.29,10.972000122070312,406.43,-0.06884512306064572,281,0
2017-02-05,5.45,-0.7285974499089298,3.12,3.27,11.716000175476074,406.26,-0.04182762099255166,274,0
2017-02-12,5.31,-2.5688073394495525,3.04,3.12,11.168000030517579,406.14,-0.029537734455764575,267,0
2017-02-19,5.73,7.909604519774027,2.87,3.04,11.405999946594239,407.17,0.2536071305461185,260,0
2017-02-26,5.94,3.664921465968596,2.62,2.87,11.622499942779541,407.6,0.10560699462140999,253,0
2017-03-05,5.51,-7.239057239057245,2.52,2.62,12.064000129699707,406.34,-0.3091265947007038,246,0
2017-03-12,5.48,-0.5444646098003547,2.75,2.52,11.701999855041503,407.77,0.3519220357336206,239,0
2017-03-19,5.11,-6.751824817518248,2.96,2.75,11.554000091552734,407.02,-0.18392721387056055,232,0
2017-03-26,5.04,-1.3698630136986356,2.99,2.96,12.54000015258789,408.6,0.38818731266276885,225,0
2017-04-02,5.25,4.166666666666674,3.03,2.99,11.871999931335449,407.84,-0.18600097895252743,218,0
2017-04-09,5.32,1.333333333333342,3.18,3.03,12.464000129699707,409.03,0.2917810906237772,211,0
2017-04-16,4.94,-7.14285714285714,3.05,3.18,15.212500095367432,409.84,0.19802948438989443,204,0
2017-04-23,4.94,0.0,3.1,3.05,14.557999992370606,410.16,0.07807925043921138,197,0
2017-04-30,4.94,0.0,3.09,3.1,10.726000022888183,409.39,-0.18773161692998697,190,0
2017-05-07,4.83,-2.2267206477732837,3.14,3.09,10.481999969482422,409.52,0.03175456166490953,183,0
2017-05-14,5.22,8.074534161490687,3.12,3.14,10.188000106811524,410.6,0.26372338347333546,176,0
2017-05-21,5.58,6.896551724137945,3.21,3.12,12.67199993133545,410.2,-0.097418412079886,169,0
2017-05-28,5.54,-0.7168458781361964,3.18,3.21,10.294000244140625,409.77,-0.10482691370063968,162,0
2017-06-04,5.42,-2.166064981949456,3.03,3.18,10.107500076293945,409.89,0.029284720696987065,155,0
2017-06-11,5.26,-2.9520295202952074,2.98,3.03,10.353999900817872,409.63,-0.06343165239454107,148,0
2017-06-18,5.25,-0.1901140684410607,3.03,2.98,10.760000038146973,408.51,-0.2734174743060813,141,0
2017-06-25,5.42,3.23809523809524,2.89,3.03,10.495999908447265,407.95,-0.1370835475263732,134,0
2017-07-02,5.74,5.904059040590415,3.01,2.89,10.72199993133545,408.28,0.08089226620908718,127,0
2017-07-09,5.82,1.3937282229965264,2.95,3.01,11.504999876022339,407.26,-0.24982854903496943,120,0
2017-07-16,5.6,-3.7800687285223455,2.96,2.95,10.342000007629395,407.01,-0.06138584687914728,113,0
2017-07-23,5.69,1.6071428571428736,3.09,2.96,9.68799991607666,406.93,-0.01965553671899878,106,0
2017-07-30,5.86,2.987697715289972,2.96,3.09,9.772000122070313,406.66,-0.06635047796917926,99,0
2017-08-06,5.99,2.2184300341296925,2.8,2.96,10.219999885559082,405.73,-0.22869227364382683,92,0
2017-08-13,6.41,7.011686143572615,2.85,2.8,12.710000228881835,405.39,-0.08379957114338366,85,0
2017-08-20,6.69,4.368174726989094,2.95,2.85,13.184000015258789,404.74,-0.16033942623152608,78,0
2017-08-27,6.43,-3.8863976083707175,2.97,2.95,12.05999984741211,404.39,-0.08647526807333827,71,0
2017-09-03,7.56,17.573872472783837,2.93,2.97,10.992000007629395,403.89,-0.12364301787878285,64,0
2017-09-10,7.44,-1.5873015873015817,2.91,2.93,11.882499933242798,403.87,-0.0049518433236750425,57,0
2017-09-17,7.14,-4.032258064516137,2.96,2.91,10.483999824523925,403.25,-0.15351474484364136,50,0
2017-09-24,7.59,6.302521008403361,3.09,2.96,9.873999977111817,402.95,-0.07439553626782391,43,0
2017-10-01,7.52,-0.9222661396574461,2.96,3.09,9.86200008392334,403.14,0.04715225214046992,36,0
2017-10-08,7.78,3.457446808510656,2.84,2.96,9.485999870300294,403.61,0.11658480924741088,29,0
2017-10-15,8.0,2.8277634961439535,2.92,2.84,9.955999946594238,404.14,0.13131488317930096,22,0
2017-10-22,7.61,-4.8749999999999964,2.84,2.92,10.06200008392334,404.19,0.012371950314249425,15,0
2017-10-29,8.32,9.329829172141913,2.91,2.84,10.911999893188476,404.34,0.03711125955614403,8,0
2017-11-05,7.86,-5.528846153846157,2.78,2.91,9.990000152587891,404.44,0.024731661473031963,1,1
2017-11-12,7.93,0.8905852417302684,3.12,2.78,10.17199993133545,405.26,0.20274948076353105,385,0
2017-11-19,8.21,3.5308953341740335,3.1,3.12,11.882000160217284,406.31,0.25909292799684014,378,0
2017-11-26,8.13,-0.974421437271622,3.05,3.1,9.982499837875366,406.52,0.051684674263485775,371,0
2017-12-03,7.58,-6.7650676506765155,2.94,3.05,10.661999893188476,406.94,0.10331595001475957,364,0
2017-12-10,7.65,0.923482849604218,2.84,2.94,10.754000091552735,406.74,-0.049147294441442835,357,0
2017-12-17,8.62,12.67973856209148,2.77,2.84,9.870000076293945,406.99,0.06146432610512065,350,0
2017-12-24,8.6,-0.23201856148491462,2.69,2.77,9.759999847412109,407.41,0.10319663873805673,343,0
2017-12-31,8.19,-4.767441860465116,3.03,2.69,10.485000133514404,407.57,0.03927247735695527,336,0
2018-01-07,8.26,0.8547008547008517,5.71,3.03,9.34000015258789,408.33,0.1864710356503263,329,0
2018-01-14,9.25,11.985472154963684,3.24,5.71,9.892000007629395,408.08,-0.06122498959175715,322,0
2018-01-21,9.67,4.540540540540539,4.12,3.24,11.765000104904175,408.47,0.09556949617723909,315,0
2018-01-28,9.53,-1.4477766287487093,3.43,4.12,11.252000045776366,408.07,-0.09792640830417199,308,0
2018-02-04,9.79,2.728226652675758,3.3,3.43,14.589999961853028,408.4,0.08086847844732681,301,0
2018-02-11,10.13,3.472931562819226,2.75,3.3,31.509999465942382,408.56,0.03917727717923647,294,0
2018-02-18,10.43,2.9615004935834133,2.54,2.75,21.68599967956543,408.65,0.022028588212252842,287,0
2018-02-25,10.77,3.259827420901251,2.62,2.54,18.957499980926514,409.09,0.10767160161506695,280,0
2018-03-04,11.79,9.47075208913648,2.64,2.62,19.260000038146973,410.03,0.2297782883961874,273,0
2018-03-11,11.73,-0.5089058524172962,2.74,2.64,17.206000328063965,408.91,-0.27315074506741865,266,0
2018-03-18,13.23,12.78772378516624,2.71,2.74,16.35,409.32,0.10026656232422493,259,0
2018-03-25,14.04,6.122448979591821,2.66,2.71,20.658000564575197,410.22,0.21987686895339476,252,0
2018-04-01,13.76,-1.9943019943019946,2.67,2.66,21.59250020980835,409.39,-0.20233045682804818,245,0
2018-04-08,14.84,7.848837209302317,2.79,2.67,21.042000198364256,409.65,0.06350912332981906,238,0
2018-04-15,14.02,-5.525606469002698,2.78,2.79,19.67599983215332,411.25,0.39057732210423524,231,0
2018-04-22,14.58,3.9942938659058624,2.83,2.78,16.049999809265138,411.88,0.15319148936170368,224,0
2018-04-29,14.04,-3.703703703703709,2.8,2.83,16.770000076293947,409.86,-0.4904341070214535,217,0
2018-05-06,15.68,11.680911680911677,2.75,2.8,15.61200008392334,411.25,0.3391401942126615,210,0
2018-05-13,16.38,4.464285714285721,2.76,2.75,13.751999855041504,412.07,0.19939209726442808,203,0
2018-05-20,17.17,4.82295482295485,2.8,2.76,13.566000175476074,411.65,-0.10192443031523668,196,0
2018-05-27,16.55,-3.6109493302271423,2.83,2.8,12.926000022888184,411.61,-0.009716992590780293,189,0
2018-06-03,17.2,3.92749244712991,2.88,2.83,15.212500095367432,411.14,-0.11418575836350531,182,0
2018-06-10,15.98,-7.0930232558139465,2.92,2.88,12.218000030517578,411.36,0.053509753368685686,175,0
2018-06-17,16.61,3.942428035043788,2.99,2.92,12.345999908447265,410.56,-0.194476857253989,168,0
2018-06-24,16.51,-0.6020469596628386,2.99,2.99,13.372000312805175,410.76,0.04871395167576065,161,0
2018-07-01,17.28,4.663840096910965,2.98,2.99,16.820000076293944,409.6,-0.2824033498880052,154,0
2018-07-08,17.69,2.372685185185186,2.91,2.98,15.019999980926514,409.35,-0.06103515625,147,0
2018-07-15,18.77,6.105144149236841,2.89,2.91,12.744000053405761,408.74,-0.14901673384634107,140,0
2018-07-22,19.09,1.7048481619605704,2.78,2.89,12.544000053405762,408.48,-0.06361011890199109,133,0
2018-07-29,19.53,2.3048716605552633,2.79,2.78,12.497999954223634,407.65,-0.2031923227575505,126,0
2018-08-05,19.73,1.024065540194563,2.8,2.79,12.813999938964844,407.42,-0.056420949343793936,119,0
2018-08-12,20.04,1.5712113532691196,2.96,2.8,11.496000289916992,407.26,-0.039271513425953586,112,0
2018-08-19,22.83,13.922155688622762,3.0,2.96,13.764000129699706,407.03,-0.056474979128817715,105,0
2018-08-26,23.2,1.620674551029344,3.01,3.0,12.399999809265136,406.3,-0.1793479596098435,98,0
2018-09-02,25.33,9.181034482758621,2.97,3.01,12.65999984741211,405.68,-0.15259660349495885,91,0
2018-09-09,22.42,-11.488353730754032,2.94,2.97,14.149999856948853,405.58,-0.024649970420043132,84,0
2018-09-16,24.88,10.972346119536125,2.93,2.94,12.992000007629395,405.88,0.07396814438582755,77,0
2018-09-23,24.63,-1.0048231511254002,3.03,2.93,12.34000015258789,405.73,-0.036956735981075184,70,0
2018-09-30,26.1,5.9683313032886876,3.06,3.03,12.407999992370605,405.69,-0.009858773075699379,63,0
2018-10-07,24.21,-7.241379310344831,3.23,3.06,12.939999961853028,405.77,0.019719490251168814,56,0
2018-10-14,22.64,-6.484923585295332,3.3,3.23,20.17799949645996,406.2,0.1059713630874759,49,0
2018-10-21,20.59,-9.054770318021198,3.26,3.3,19.253999710083008,406.81,0.1501723289020207,42,0
2018-10-28,19.18,-6.847984458474987,3.32,3.26,22.791999435424806,406.67,-0.03441409994837663,35,0
2018-11-04,21.65,12.877997914494266,3.28,3.32,21.626000213623048,407.18,0.12540880812452748,28,0
2018-11-11,21.31,-1.5704387990762125,3.58,3.28,18.061999893188478,408.94,0.43224126921754813,21,0
2018-11-18,22.4,5.114969497888322,4.23,3.58,19.96800003051758,408.78,-0.039125544089602116,14,0
2018-11-25,22.7,1.3392857142857206,4.67,4.23,21.22499990463257,408.58,-0.04892607270413629,7,1
2018-12-02,22.6,-0.4405286343612258,4.43,4.67,18.654000091552735,408.69,0.026922512115135078,0,1
2018-12-09,25.76,13.982300884955755,4.49,4.43,20.40000009536743,409.6,0.2226626538452292,358,0
2018-12-16,26.97,4.69720496894408,4.38,4.49,21.62799949645996,409.51,-0.02197265625000222,351,0
2018-12-23,27.02,0.18539117538005634,3.73,4.38,26.834000015258788,409.33,-0.04395497057458897,344,0
2018-12-30,25.66,-5.0333086602516675,3.26,3.73,31.19499969482422,409.8,0.11482178193633619,337,0
2019-01-06,24.52,-4.442712392829307,2.92,3.26,23.867499828338623,410.86,0.25866276232309193,330,0
2019-01-13,26.63,8.60522022838499,2.89,2.92,19.907999801635743,410.55,-0.07545149199240653,323,0
2019-01-20,25.68,-3.567405182125416,3.5,2.89,18.513999938964844,412.19,0.39946413347946574,316,0
2019-01-27,23.55,-8.294392523364479,3.19,3.5,19.15749979019165,411.23,-0.23290230233629083,309,0
2019-02-03,23.91,1.5286624203821653,2.9,3.19,17.673999786376953,411.83,0.14590375215814966,302,0
2019-02-10,22.04,-7.8209953994144765,2.59,2.9,15.754000091552735,412.63,0.19425491100697467,295,0
2019-02-17,20.43,-7.304900181488206,2.65,2.59,15.635999870300292,411.19,-0.3489809272229305,288,0
2019-02-24,23.73,16.15271659324524,2.71,2.65,14.21750020980835,412.62,0.34777110338286565,281,0
2019-03-03,24.52,3.329119258322799,2.91,2.71,14.613999938964843,412.37,-0.06058843487954935,274,0
2019-03-10,23.92,-2.446982055464919,3.28,2.91,15.549999809265136,412.37,0.0,267,0
2019-03-17,21.99,-8.068561872909708,2.89,3.28,13.57800006866455,412.02,-0.08487523340690029,260,0
2019-03-24,22.82,3.774442928603916,2.86,2.89,14.136000061035157,411.53,-0.11892626571525788,253,0
2019-03-31,25.9,13.496932515337413,2.71,2.86,14.860000038146973,412.4,0.21140621582873553,246,0
2019-04-07,27.82,7.413127413127429,2.7,2.71,13.379999732971191,413.35,0.2303588748787666,239,0
2019-04-14,28.14,1.1502516175413424,2.72,2.7,13.158000183105468,413.82,0.11370509253658678,232,0
2019-04-21,27.09,-3.731343283582089,2.62,2.72,12.297500133514404,413.99,0.04108066309023162,225,0
2019-04-28,26.29,-2.9531192321890054,2.56,2.62,12.763999938964844,414.52,0.128022416000384,218,0
2019-05-05,26.62,1.2552301255230214,2.59,2.56,13.663999938964844,414.54,0.004824857666707594,211,0
2019-05-12,25.96,-2.4793388429752095,2.6,2.59,17.86000003814697,415.62,0.2605297438124099,204,0
2019-05-19,26.44,1.8489984591679498,2.67,2.6,17.25999984741211,414.97,-0.15639285886145382,197,0
2019-05-26,25.45,-3.7443267776096856,2.66,2.67,15.755999946594239,414.52,-0.10844157408970156,190,0
2019-06-02,25.66,0.8251473477406623,2.66,2.66,17.85249948501587,414.6,0.01929943066680817,183,0
2019-06-09,26.15,1.9095869056897863,2.45,2.66,16.829999923706055,414.3,-0.07235890014472002,176,0
2019-06-16,26.42,1.0325047801147402,2.41,2.45,15.787999725341797,414.08,-0.05310161718562467,169,0
2019-06-23,27.5,4.087812263436774,2.4,2.41,14.995999908447265,413.63,-0.10867465224111417,162,0
2019-06-30,27.67,0.6181818181818288,2.34,2.4,15.729999923706055,413.64,0.002417619611727595,155,0
2019-07-07,30.26,9.360318033971815,2.31,2.34,13.210000038146973,412.3,-0.32395319601585815,148,0
2019-07-14,30.38,0.3965631196298558,2.47,2.31,13.280000114440918,412.37,0.016977928692707422,141,0
2019-07-21,29.75,-2.073732718894006,2.44,2.47,13.497999954223634,411.07,-0.3152508669398868,134,0
2019-07-28,30.61,2.8907563025210026,2.3,2.44,12.621999740600586,410.28,-0.19218138030019372,127,0
2019-08-04,29.36,-4.083632799738646,2.24,2.3,15.674000358581543,410.56,0.06824607585065312,120,0
2019-08-11,27.15,-7.527247956403271,2.11,2.24,19.82599983215332,410.48,-0.019485580670297598,113,0
2019-08-18,26.24,-3.3517495395948393,2.21,2.11,20.072000122070314,409.79,-0.168095887741182,106,0
2019-08-25,27.37,4.306402439024404,2.27,2.21,17.346000099182127,409.66,-0.03172356572879176,99,0
2019-09-01,26.05,-4.822798684691265,2.28,2.27,19.16799964904785,409.03,-0.15378606649417703,92,0
2019-09-08,27.38,5.105566218809976,2.46,2.28,17.06500005722046,408.81,-0.05378578588366434,85,0
2019-09-15,27.59,0.7669831994156384,2.64,2.46,14.607999992370605,408.72,-0.02201511704703618,78,0
2019-09-22,26.34,-4.530627038782164,2.63,2.64,14.485999870300294,408.54,-0.04403992953611047,71,0
2019-09-29,23.91,-9.2255125284738,2.52,2.63,16.241999626159668,408.18,-0.08811866647084887,64,0
2019-10-06,25.36,6.064408197406945,2.33,2.52,18.304000091552734,408.6,0.10289578127298249,57,0
2019-10-13,26.8,5.6782334384858135,2.26,2.33,17.986000061035156,408.84,0.05873715124815604,50,0
2019-10-20,25.8,-3.731343283582089,2.25,2.26,13.965999984741211,408.94,0.024459446238145333,43,0
2019-10-27,26.02,0.8527131782945618,2.25,2.25,13.76599998474121,409.51,0.13938475081918256,36,0
2019-11-03,25.56,-1.7678708685626487,2.62,2.25,12.831999969482421,410.12,0.1489585113916725,29,0
2019-11-10,24.57,-3.873239436619713,2.82,2.62,12.669999885559083,410.41,0.07071101141129521,22,0
2019-11-17,25.31,3.011803011803016,2.73,2.82,12.694000053405762,410.4,-0.0024365878024568133,15,0
2019-11-24,25.94,2.4891347293559907,2.58,2.73,12.713999938964843,410.93,0.12914230019493989,8,0
2019-12-01,25.68,-1.0023130300694016,2.49,2.58,11.944999933242798,411.28,0.08517265714353961,1,1
2019-12-08,24.71,-3.777258566978192,2.38,2.49,14.76200008392334,411.53,0.06078583933086801,694,0
2019-12-15,27.21,10.117361392148938,2.24,2.38,14.619999885559082,412.1,0.13850752071538075,687,0
2019-12-22,27.25,0.14700477765527964,2.28,2.24,12.404000091552735,412.42,0.07765105556902796,680,0
2019-12-29,25.5,-6.422018348623848,2.03,2.28,12.839999914169312,413.19,0.1867028757092326,673,0
2020-01-05,24.73,-3.019607843137251,2.05,2.03,13.772500038146973,413.58,0.09438756988309205,666,0
2020-01-12,25.97,5.0141528507885,2.09,2.05,13.238000106811523,413.0,-0.14023888969485476,659,0
2020-01-19,24.87,-4.235656526761645,2.06,2.09,12.310000038146972,413.85,0.20581113801454443,652,0
2020-01-26,24.31,-2.2517088862082923,1.93,2.06,13.325000047683716,414.24,0.09423704240667519,645,0
2020-02-02,23.75,-2.3035787741670033,1.95,1.93,17.045999908447264,414.51,0.06517960602547834,638,0
2020-02-09,24.71,4.042105263157891,1.89,1.95,15.919999694824218,414.62,0.026537357361711145,631,0
2020-02-16,26.03,5.341966815054633,1.9,1.89,14.357999992370605,414.27,-0.08441464473494253,624,0
2020-02-23,24.02,-7.721859393008068,2.0,1.9,15.462500095367432,413.92,-0.08448596326067204,617,0
2020-03-01,23.83,-0.7910074937552136,1.88,2.0,31.94200019836426,414.07,0.03623888674140208,610,0
2020-03-08,22.38,-6.0847671002937425,1.8,1.88,36.75799903869629,414.32,0.06037626488275549,603,0
2020-03-15,16.84,-24.754244861483464,1.87,1.8,57.79200057983398,414.5,0.04344468044024108,596,0
2020-03-22,17.11,1.6033254156769594,1.79,1.87,74.61800079345703,415.75,0.3015681544028981,589,0
2020-03-29,18.73,9.468147282291062,1.73,1.79,62.75,415.95,0.048105832832234796,582,0
2020-04-05,21.86,16.711158569140405,1.62,1.73,53.07800064086914,416.65,0.16828945786753202,575,0
2020-04-12,22.48,2.836230558096986,1.77,1.62,44.239999771118164,416.48,-0.04080163206526821,568,0
2020-04-19,21.53,-4.225978647686834,1.72,1.77,39.60599975585937,416.09,-0.09364195159432542,561,0
2020-04-26,19.8,-8.035299581978638,1.85,1.72,41.70600051879883,417.02,0.22350933692230068,554,0
2020-05-03,20.17,1.868686868686864,1.71,1.85,33.886000061035155,417.04,0.004795933048784562,547,0
2020-05-10,19.96,-1.0411502231036263,1.84,1.71,32.62400016784668,417.0,-0.009591406100140087,540,0
2020-05-17,22.19,11.172344689378754,1.63,1.84,32.077999877929685,417.18,0.04316546762590523,533,0
2020-05-24,22.18,-0.04506534474989499,1.78,1.63,29.102000045776368,417.64,0.1102641545615679,526,0
2020-05-31,24.02,8.29576194770063,1.76,1.78,27.93250036239624,417.41,-0.05507135331863644,519,0
2020-06-07,22.78,-5.162364696086586,1.7,1.76,26.211999893188477,416.55,-0.20603243813037686,512,0
2020-06-14,24.92,9.394205443371373,1.7,1.7,31.56599998474121,416.42,-0.031208738446764084,505,0
2020-06-21,25.46,2.1669341894061,1.52,1.7,33.91999969482422,416.27,-0.036021324624180284,498,0
2020-06-28,28.64,12.49018067556953,1.57,1.52,32.786000442504886,415.64,-0.15134407956374218,491,0
2020-07-05,29.78,3.9804469273742926,1.67,1.57,29.627500534057617,415.45,-0.0457126359349469,484,0
2020-07-12,28.76,-3.4251175285426427,1.78,1.67,28.400000381469727,414.73,-0.17330605367672502,477,0
2020-07-19,27.27,-5.180806675938809,1.77,1.78,28.629999923706055,414.08,-0.15672847394690992,470,0
2020-07-26,27.22,-0.1833516685001868,1.72,1.77,25.107999801635742,413.42,-0.1593894899536208,463,0
2020-08-02,27.32,0.3673769287288797,1.82,1.72,24.7,413.37,-0.012094238304871663,456,0
2020-08-09,26.36,-3.513909224011713,2.13,1.82,23.177999877929686,412.95,-0.10160388997750847,449,0
2020-08-16,26.48,0.4552352048558417,2.17,2.13,22.523999786376955,412.59,-0.08717762440973997,442,0
2020-08-23,30.38,14.728096676737156,2.39,2.17,22.132000350952147,412.17,-0.10179597178796573,435,0
2020-08-30,28.13,-7.406188281764314,2.52,2.39,23.020000076293947,411.79,-0.0921949680956824,428,0
2020-09-06,28.99,3.057234269463205,2.16,2.52,28.689999771118163,411.58,-0.050996867335295626,421,0
2020-09-13,28.68,-1.0693342531907457,2.16,2.16,29.212499618530273,411.67,0.02186695174692943,414,0
2020-09-20,26.75,-6.72942817294282,1.93,2.16,25.954000091552736,411.2,-0.11416911603955304,407,0
2020-09-27,27.59,3.1401869158878437,1.68,1.93,27.62200012207031,411.27,0.017023346303490783,400,0
2020-10-04,26.24,-4.8930772018847435,1.65,1.68,26.632000350952147,411.26,-0.0024314926933666214,393,0
2020-10-11,25.4,-3.2012195121951192,1.91,1.65,27.371999740600586,411.32,0.014589310898216468,386,0
2020-10-18,25.98,2.2834645669291387,2.17,1.91,26.383999633789063,411.72,0.0972478848585201,379,0
2020-10-25,24.19,-6.889915319476514,2.74,2.17,28.568000030517577,411.69,-0.007286505392023468,372,0
2020-11-01,25.85,6.862339809838769,3.09,2.74,36.33999938964844,411.96,0.06558332726078753,365,0
2020-11-08,26.68,3.210831721470009,2.78,3.09,30.938000106811522,412.98,0.24759685406350318,358,0
2020-11-15,27.15,1.761619190404784,2.75,2.78,24.49000015258789,412.74,-0.05811419439197829,351,0
2020-11-22,28.59,5.303867403314921,2.39,2.75,23.162000274658205,414.04,0.3149682608906357,344,0
2020-11-29,30.57,6.92549842602308,2.39,2.39,21.59749984741211,413.97,-0.016906579074482675,337,0
2020-12-06,30.98,1.341184167484455,2.69,2.39,20.916000366210938,413.6,-0.08937845737614358,330,0
2020-12-13,31.36,1.226597805035512,2.44,2.69,22.01599998474121,414.13,0.12814313346227735,323,0
2020-12-20,32.41,3.3482142857142794,2.7,2.44,22.721999740600587,414.82,0.1666143481515503,316,0
2020-12-27,32.94,1.635297747608777,2.72,2.7,23.557499885559082,415.3,0.11571283930380538,309,0
2021-01-03,35.14,6.678809957498499,2.38,2.72,22.575000286102295,415.36,0.014447387430771563,302,0
2021-01-10,31.96,-9.049516220830956,2.74,2.38,24.261999893188477,415.04,-0.07704160246533309,295,0
2021-01-17,34.45,7.7909887359199015,2.82,2.74,23.44199981689453,415.39,0.08432922127987741,288,0
2021-01-24,33.18,-3.6865021770682183,2.54,2.82,22.012499809265137,415.98,0.1420351958400623,281,0
2021-01-31,38.43,15.822784810126578,2.71,2.54,29.3439998626709,417.09,0.26683975191112985,274,0
2021-02-07,40.28,4.813947436898269,3.12,2.71,24.270000076293947,416.89,-0.047951281497993214,267,0
2021-02-14,37.7,-6.405163853028794,4.63,3.12,21.215999603271484,416.48,-0.09834728585477182,260,0
2021-02-21,37.6,-0.2652519893899252,12.18,4.63,21.874999523162842,416.28,-0.04802151363811902,253,0
2021-02-28,39.36,4.680851063829783,2.86,12.18,24.948000335693358,417.93,0.3963678293456452,246,0
2021-03-07,43.19,9.730691056910556,2.79,2.86,25.470000076293946,416.91,-0.24406001004952937,239,0
2021-03-14,42.31,-2.037508682565403,2.65,2.79,22.931999969482423,417.76,0.20388093353480574,232,0
2021-03-21,42.09,-0.5199716379106545,2.53,2.65,20.316000366210936,417.68,-0.019149751053237907,225,0
2021-03-28,42.81,1.7106200997861754,2.54,2.53,19.809999847412108,417.98,0.07182532081977389,218,0
2021-04-04,44.03,2.849801448259748,2.54,2.54,19.269999980926514,419.24,0.30144983013540294,211,0
2021-04-11,44.8,1.748807631160565,2.45,2.54,17.366000366210937,418.95,-0.06917278885603118,204,0
2021-04-18,47.38,5.75892857142859,2.59,2.45,16.673999786376953,418.16,-0.18856665473205858,197,0
2021-04-25,49.31,4.073448712536942,2.76,2.59,17.90200004577637,419.97,0.4328486703654155,190,0
2021-05-02,50.93,3.285337659703913,2.88,2.76,17.74000015258789,419.49,-0.11429387813415293,183,0
2021-05-09,57.23,12.36991949734929,2.95,2.88,18.403999710083006,418.45,-0.24792009344680732,176,0
2021-05-16,52.43,-8.387209505504101,2.93,2.95,22.205999755859374,419.05,0.143386306607729,169,0
2021-05-23,51.58,-1.621209231356091,2.91,2.93,20.811999893188478,418.89,-0.038181601240905305,162,0
2021-05-30,50.47,-2.15199689802249,2.86,2.91,17.620000076293945,419.51,0.1480102174795217,155,0
2021-06-06,53.07,5.151575193184077,3.03,2.86,17.460000038146973,419.47,-0.009534933613020158,148,0
2021-06-13,52.26,-1.5262860373092213,3.12,3.03,16.62599983215332,419.03,-0.10489427134242613,141,0
2021-06-20,55.48,6.161500191350933,3.28,3.12,18.002000045776366,418.44,-0.14080137460324993,134,0
2021-06-27,57.76,4.109589041095885,3.28,3.28,16.49199981689453,418.04,-0.09559315553006043,127,0
2021-07-04,54.67,-5.349722991689743,3.72,3.28,15.631999969482422,417.43,-0.14591905080854062,120,0
2021-07-11,53.28,-2.542527894640567,3.65,3.72,16.955000400543213,417.48,0.011978056201034093,113,0
2021-07-18,51.26,-3.791291291291299,3.73,3.65,17.01600036621094,416.71,-0.18443997317237892,106,0
2021-07-25,53.69,4.740538431525554,3.93,3.73,19.006000137329103,415.55,-0.27837104941085267,99,0
2021-08-01,57.02,6.202272303967238,4.06,3.93,18.238000106811523,414.96,-0.14198050776080828,92,0
2021-08-08,55.74,-2.2448263767099297,4.15,4.06,17.779999923706054,414.52,-0.10603431656063256,85,0
2021-08-15,54.72,-1.829924650161474,4.1,4.15,16.14400005340576,414.88,0.08684743800058126,78,0
2021-08-22,59.32,8.406432748538005,3.9,4.1,19.165999984741212,413.79,-0.2627265715387517,71,0
2021-08-29,61.63,3.894133513149023,4.07,3.9,17.277999877929688,413.19,-0.14500108750815643,64,0
2021-09-05,61.22,-0.6652604251176419,4.49,4.07,16.320000076293944,413.33,0.03388271739392934,57,0
2021-09-12,59.82,-2.2868343678536407,4.87,4.49,18.962499618530273,413.06,-0.06532310744441494,50,0
2021-09-19,63.29,5.800735539953195,5.42,4.87,19.302000045776367,413.27,0.05084007166029636,43,0
2021-09-26,62.45,-1.327223890030016,5.03,5.42,21.463999938964843,413.33,0.014518353618697688,36,0
2021-10-03,58.76,-5.908726981585277,5.68,5.03,21.761999893188477,413.61,0.0677424817942196,29,0
2021-10-10,59.79,1.7528931245745394,5.87,5.68,20.713999938964843,413.86,0.06044341287685384,22,0
2021-10-17,58.64,-1.9233985616323723,5.54,5.87,18.329999923706055,414.32,0.1111486976272058,15,0
2021-10-24,59.08,0.7503410641200414,4.95,5.54,15.58799991607666,413.87,-0.1086117011005916,8,0
2021-10-31,59.73,1.1002031144211166,5.68,4.95,16.197999954223633,414.14,0.06523787662793268,1,1
2021-11-07,63.58,6.44567219152854,5.48,5.68,15.892000007629395,414.93,0.19075674892548022,365,0
2021-11-14,69.65,9.547027367096582,4.99,5.48,17.536000061035157,414.84,-0.021690405610597097,358,0
2021-11-21,73.12,4.982053122756636,4.91,4.99,17.094000244140624,415.33,0.11811782856041564,351,0
2021-11-28,78.64,7.549234135667393,4.9,4.91,21.4375,416.12,0.19021019430331965,344,0
2021-12-05,84.37,7.286368260427278,4.32,4.9,27.978000259399415,415.83,-0.06969143516294407,337,0
2021-12-12,74.02,-12.26739362332584,3.68,4.32,21.84799995422363,416.41,0.13948007599260404,330,0
2021-12-19,76.31,3.0937584436638854,3.78,3.68,20.72599983215332,417.45,0.2497538483705819,323,0
2021-12-26,80.65,5.687328004193426,3.85,3.78,20.117499828338623,417.42,-0.0071864893999240564,316,0
2022-01-02,85.42,5.914445133292001,3.57,3.85,17.344000244140624,417.37,-0.011978343155572002,309,0
2022-01-09,82.08,-3.9100913135097226,3.8,3.57,18.322000122070314,418.28,0.21803196204805975,302,0
2022-01-16,84.47,2.911793372319682,4.42,3.8,18.986000061035156,417.58,-0.1673520130056394,295,0
2022-01-23,89.22,5.623298212383099,4.5,4.42,25.270000457763672,419.09,0.3616073566741651,288,0
2022-01-30,96.45,8.103564223268322,4.6,4.5,30.23399963378906,419.15,0.014316733875774368,281,0
2022-02-06,92.87,-3.711767755313633,5.78,4.6,23.289999771118165,418.34,-0.19324824048669864,274,0
2022-02-13,89.47,-3.6610315494777668,4.19,5.78,23.1060001373291,419.74,0.33465602141800055,267,0
2022-02-20,88.14,-1.4865317983681625,4.39,4.19,26.836000442504883,419.57,-0.04050126268643206,260,0
2022-02-27,65.1,-26.140231449965967,4.62,4.39,29.43499994277954,419.16,-0.09771909335747342,253,0
2022-03-06,76.76,17.91090629800309,4.57,4.62,31.333999633789062,418.47,-0.16461494417405742,246,0
2022-03-13,78.89,2.7748827514330277,4.7,4.57,33.002000427246095,418.3,-0.04062417855521527,239,0
2022-03-20,78.6,-0.3676004563316071,4.68,4.7,27.562000274658203,418.13,-0.04064068850108127,232,0
2022-03-27,78.49,-0.1399491094147609,5.14,4.68,22.504000091552733,420.32,0.5237605529380795,225,0
2022-04-03,80.09,2.0384762390113442,5.41,5.14,19.609999465942384,420.15,-0.04044537495242473,218,0
2022-04-10,79.97,-0.14983143963042123,6.08,5.41,20.881999969482422,420.11,-0.009520409377594685,211,0
2022-04-17,88.99,11.279229711141681,6.64,6.08,23.287500381469727,420.33,0.05236723715216218,204,0
2022-04-24,84.45,-5.101696819867396,7.1,6.64,22.95,420.14,-0.04520257892608459,197,0
2022-05-01,91.54,8.395500296033154,6.81,7.1,31.10600051879883,420.13,-0.002380158994619297,190,0
2022-05-08,88.48,-3.342800961328385,8.04,6.81,29.68000030517578,421.07,0.2237402708685332,183,0
2022-05-15,80.39,-9.143309222423145,7.47,8.04,32.18800086975098,420.92,-0.035623530529360625,176,0
2022-05-22,84.2,4.739395447194927,8.21,7.47,28.661999893188476,421.44,0.12353891475813672,169,0
2022-05-29,86.87,3.1710213776722007,8.79,8.21,27.904000091552735,421.58,0.03321943811693817,162,0
2022-06-05,81.86,-5.767238402210206,8.54,8.79,25.347500324249268,421.26,-0.0759049290763314,155,0
2022-06-12,82.37,0.6230149034937682,8.95,8.54,25.37799987792969,420.98,-0.0664672648720388,148,0
2022-06-19,83.43,1.2868762899113761,7.93,8.95,32.081999969482425,420.82,-0.03800655613094284,141,0
2022-06-26,85.58,2.5770106676255455,6.43,7.93,28.855000019073486,420.26,-0.13307352312152965,134,0
2022-07-03,82.79,-3.2601075017527403,6.35,6.43,27.776000213623046,419.69,-0.1356303240850898,127,0
2022-07-10,85.38,3.128397149414175,5.9,6.35,26.24749994277954,419.03,-0.15725892920965823,120,0
2022-07-17,76.3,-10.634809088779573,6.76,5.9,26.181999969482423,418.38,-0.1551201584611972,113,0
2022-07-24,78.55,2.9488859764089215,7.76,6.76,23.963999938964843,417.8,-0.13862995363066455,106,0
2022-07-31,84.76,7.905792488860608,8.74,7.76,22.99000015258789,418.15,0.08377213977979192,99,0
2022-08-07,88.87,4.84898537045777,8.14,8.74,22.262000274658202,417.29,-0.2056678225517028,92,0
2022-08-14,98.01,10.284685495667834,8.15,8.14,20.506000518798828,417.22,-0.01677490474250032,85,0
2022-08-21,90.31,-7.85634118967452,9.19,8.15,19.940000152587892,416.52,-0.1677771918891846,78,0
2022-08-28,77.89,-13.752629830583551,9.56,9.19,23.613999938964845,416.5,-0.0048016901949443636,71,0
2022-09-04,66.08,-15.16240852484273,9.17,9.56,25.863999557495116,416.29,-0.05042016806722227,64,0
2022-09-11,73.27,10.880750605326872,8.3,9.17,24.487500190734863,416.0,-0.06966297532969845,57,0
2022-09-18,65.77,-10.236113006687598,8.42,8.3,25.97400016784668,415.52,-0.1153846153846172,50,0
2022-09-25,66.73,1.459632051087123,7.69,8.42,27.636000061035155,415.53,0.0024066230265740174,43,0
2022-10-02,69.85,4.675558219691278,6.63,7.69,31.699999618530274,415.22,-0.07460351839817525,36,0
2022-10-09,68.02,-2.6198997852541095,6.01,6.63,29.920000076293945,415.46,0.05780068397474025,29,0
2022-10-16,68.72,1.0291090855630847,6.29,6.01,32.72200050354004,415.84,0.09146488229914151,22,0
2022-10-23,81.21,18.175203725261934,5.48,6.29,30.460000228881835,416.26,0.10100038476337225,15,0
2022-10-30,76.36,-5.9721709149119455,5.12,5.48,27.745999908447267,416.39,0.031230480949395734,8,0
2022-11-06,75.84,-0.6809848088004111,4.57,5.12,25.479999542236328,417.14,0.18011959941401923,1,1
2022-11-13,72.47,-4.443565400843886,4.34,4.57,24.406000518798827,417.25,0.026370043630441486,382,0
2022-11-20,78.97,8.969228646336425,6.06,4.34,23.886000442504884,418.48,0.29478729778311674,375,0
2022-11-27,87.98,11.409395973154378,6.41,6.06,21.125000476837158,417.69,-0.18877843624546253,368,0
2022-12-04,87.73,-0.2841554898840637,6.06,6.41,20.715999603271484,419.01,0.316023845435609,361,0
2022-12-11,83.68,-4.616436794711043,4.6,6.06,22.144000244140624,418.8,-0.05011813560534817,354,0
2022-12-18,86.85,3.7882409177820042,6.78,4.6,22.827999877929688,419.19,0.09312320916905481,347,0
2022-12-25,79.4,-8.578008059873332,6.35,6.78,21.361999893188475,419.43,0.05725327417160919,340,0
2023-01-01,75.55,-4.848866498740567,4.06,6.35,21.72499990463257,419.29,-0.033378632906555517,333,0
2023-01-08,77.2,2.183984116479154,3.65,4.06,22.124999523162842,419.57,0.0667795559159412,326,0
2023-01-15,82.6,6.994818652849721,3.46,3.65,20.163999938964842,419.17,-0.09533570083656295,319,0
2023-01-22,86.94,5.254237288135588,3.17,3.46,20.017500400543213,419.73,0.13359734713840332,312,0
2023-01-29,90.9,4.554865424430643,3.08,3.17,19.06599998474121,419.81,0.0190598718223578,305,0
2023-02-05,90.44,-0.5060506050605151,2.64,3.08,18.854000091552734,420.2,0.09289916867154524,298,0
2023-02-12,93.33,3.195488721804507,2.34,2.64,19.79199981689453,420.81,0.14516896715850436,291,0
2023-02-19,94.79,1.5643415836279928,2.41,2.34,19.53400001525879,419.58,-0.2922934340913952,284,0
2023-02-26,89.27,-5.823399092731307,2.18,2.41,21.99250030517578,421.56,0.471900471900466,277,0
2023-03-05,96.83,8.468690489526164,2.6,2.18,20.062000274658203,421.21,-0.08302495492931161,270,0
2023-03-12,85.57,-11.628627491479914,2.48,2.6,20.944000244140625,420.21,-0.2374112675387563,263,0
2023-03-19,85.4,-0.1986677573915907,2.47,2.48,24.977999877929687,420.78,0.13564646248305223,256,0
2023-03-26,91.75,7.435597189695553,2.06,2.47,22.427999877929686,421.69,0.21626503160796506,249,0
2023-04-02,96.75,5.449591280653943,2.01,2.06,19.48200035095215,422.75,0.2513694894353602,242,0
2023-04-09,94.11,-2.72868217054264,2.14,2.01,18.75749969482422,422.96,0.0496747486694149,235,0
2023-04-16,89.86,-4.515991924343854,2.09,2.14,18.405999755859376,423.5,0.127671647437122,228,0
2023-04-23,87.65,-2.4593812597373588,2.21,2.09,16.836000061035158,424.08,0.1369539551357768,221,0
2023-04-30,84.96,-3.069024529378217,2.2,2.21,17.460000038146973,423.98,-0.02358045651763563,214,0
2023-05-07,88.93,4.67278719397366,2.03,2.2,17.89600028991699,424.29,0.07311665644604837,207,0
2023-05-14,89.43,0.5622399640166531,2.1,2.03,17.118000030517578,423.39,-0.21211906950435733,200,0
2023-05-21,83.13,-7.044615900704477,2.29,2.1,16.96800003051758,423.94,0.12990387113536173,193,0
2023-05-28,78.52,-5.545531095873935,2.17,2.29,18.572000122070314,424.65,0.16747652969759663,186,0
2023-06-04,86.14,9.704533876719324,1.93,2.17,16.41249990463257,424.38,-0.06358177322500769,179,0
2023-06-11,91.92,6.7100069654051575,1.99,1.93,14.021999740600586,424.14,-0.05655308921249658,172,0
2023-06-18,87.55,-4.754134029590951,2.05,1.99,14.307999992370606,423.49,-0.15325128495307094,165,0
2023-06-25,89.57,2.3072529982866907,2.28,2.05,13.357499837875366,422.19,-0.3069730099884316,158,0
2023-07-02,86.15,-3.8182427151948084,2.58,2.28,13.710000038146973,422.62,0.10184987801700185,151,0
2023-07-09,86.35,0.2321532211259303,2.53,2.58,14.504999876022339,422.35,-0.06388717997254378,144,0
2023-07-16,91.82,6.334684423856407,2.53,2.53,14.079999923706055,421.34,-0.23913815555819395,137,0
2023-07-23,88.7,-3.397952515791758,2.54,2.53,13.626000022888183,421.28,-0.014240281008215394,130,0
2023-07-30,83.41,-5.963923337091326,2.59,2.54,13.739999771118164,420.83,-0.10681731864792265,123,0
2023-08-06,86.8,4.064260879990411,2.49,2.59,15.334000205993652,420.02,-0.19247677209324188,116,0
2023-08-13,88.05,1.440092165898621,2.76,2.49,15.682000160217285,418.98,-0.24760725679728868,109,0
2023-08-20,85.25,-3.18001135718341,2.59,2.76,16.649999618530273,419.31,0.07876270943720787,102,0
2023-08-27,85.64,0.45747800586510845,2.53,2.59,16.591999816894532,419.27,-0.009539481529186045,95,0
2023-09-03,81.62,-4.694068192433443,2.57,2.53,14.013999938964844,418.64,-0.15026116822095537,88,0
2023-09-10,82.1,0.588091154128878,2.52,2.57,14.174999952316284,418.52,-0.028664246130327697,81,0
2023-09-17,85.3,3.897685749086488,2.71,2.52,13.623999786376952,418.33,-0.04539806938735902,74,0
2023-09-24,81.45,-4.513481828839383,2.62,2.71,15.59800033569336,418.29,-0.009561829177917591,67,0
2023-10-01,80.62,-1.0190300798035623,2.66,2.62,17.78400001525879,418.31,0.004781371775552934,60,0
2023-10-08,85.66,6.251550483750923,2.91,2.66,18.382000350952147,418.53,0.05259257488465785,53,0
2023-10-15,81.67,-4.657950035022173,3.2,2.91,17.366000366210937,419.46,0.22220629345566234,46,0
2023-10-22,79.36,-2.8284559813885224,2.86,3.2,19.483999252319336,418.91,-0.13112096505029092,39,0
2023-10-29,77.2,-2.7217741935483875,2.89,2.86,20.296000289916993,419.05,0.03342006636271044,32,0
2023-11-05,78.5,1.6839378238342029,3.17,2.89,17.06599998474121,419.28,0.054886051783786804,25,0
2023-11-12,76.23,-2.8917197452229204,2.46,3.17,14.722000122070312,421.22,0.4626979584049007,18,0
2023-11-19,76.46,0.30171848353666153,2.74,2.46,14.244000053405761,421.21,-0.002374056312626216,11,0
2023-11-26,72.45,-5.244572325398888,2.64,2.74,13.017500162124634,420.31,-0.2136701407848718,4,1
2023-12-03,68.62,-5.286404416839197,2.72,2.64,12.781999778747558,421.02,0.16892293783159484,344,0
2023-12-10,67.57,-1.530166132322952,2.62,2.72,12.862000274658204,422.2,0.2802717210583783,337,0
2023-12-17,76.94,13.867100784371766,2.38,2.62,12.329999732971192,422.24,0.00947418285173196,330,0
2023-12-24,77.98,1.351702625422413,2.5,2.38,13.08799991607666,421.86,-0.08999621068586094,323,0
2023-12-31,73.97,-5.14234419081816,2.56,2.5,12.585000038146973,422.52,0.15645000711135282,316,0
2024-01-07,63.8,-13.748817088008657,2.68,2.56,13.680000066757202,423.49,0.22957493136419593,309,0
2024-01-14,63.42,-0.5956112852664508,5.11,2.68,12.733999824523925,422.84,-0.1534865049942269,302,0
2024-01-21,63.1,-0.5045726900031577,2.92,5.11,14.015000104904175,422.86,0.004729921483304089,295,0
2024-01-28,63.5,0.6339144215530945,2.38,2.92,13.118000030517578,422.28,-0.13716123539706526,288,0
2024-02-04,58.8,-7.401574803149613,2.21,2.38,13.79800033569336,425.83,0.840674434024824,281,0
2024-02-11,57.11,-2.874149659863945,1.93,2.21,13.056000137329102,423.54,-0.5377732898104837,274,0
2024-02-18,52.51,-8.054631413062518,1.59,1.93,14.482000160217286,425.21,0.39429569816309407,267,0
2024-02-25,56.31,7.236716815844613,1.56,1.59,14.762500047683716,425.13,-0.018814232967234723,260,0
2024-03-03,58.5,3.8891848694725617,1.58,1.56,13.50399990081787,425.45,0.07527109354785733,253,0
2024-03-10,59.38,1.5042735042735123,1.55,1.58,14.32599983215332,425.74,0.0681631214008771,246,0
2024-03-17,61.5,3.5702256652071274,1.4,1.55,14.323999977111816,425.37,-0.08690750223141475,239,0
2024-03-24,61.93,0.6991869918699267,1.54,1.4,13.434000015258789,425.04,-0.07757951900697613,232,0
2024-03-31,61.01,-1.4855481995801778,1.48,1.54,13.054999828338623,426.35,0.30820628646714976,225,0
2024-04-07,71.64,17.423373217505333,1.7,1.48,14.994000053405761,425.86,-0.11492904890348932,218,0
2024-04-14,68.52,-4.355108877721947,1.69,1.7,15.637999725341796,426.34,0.11271309820126696,211,0
2024-04-21,67.51,-1.4740221833041356,1.46,1.69,18.509999465942382,427.94,0.37528732936153997,204,0
2024-04-28,71.84,6.4138646126499665,1.54,1.46,15.8,426.8,-0.266392484927791,197,0
2024-05-05,71.59,-0.3479955456570205,1.64,1.54,14.776000022888184,426.92,0.028116213683215818,190,0
2024-05-12,70.52,-1.4946221539321236,2.0,1.64,12.99199981689453,427.03,0.02576595146630556,183,0
2024-05-19,75.78,7.458876914350543,2.23,2.0,12.776000022888184,426.64,-0.09132847809286693,176,0
2024-05-26,74.07,-2.256532066508321,2.48,2.23,12.2,426.88,0.0562535158447508,169,0
2024-06-02,71.42,-3.577696773322525,2.03,2.48,13.647500038146973,427.06,0.04216641679160027,162,0
2024-06-09,68.53,-4.046485578269388,2.43,2.03,12.739999961853027,427.33,0.0632229663279027,155,0
2024-06-16,68.05,-0.7004231723332865,2.73,2.43,12.445999908447266,426.73,-0.1404067114407992,148,0
2024-06-23,67.36,-1.013960323291696,2.44,2.73,12.882499933242798,426.47,-0.06092845593231866,141,0
2024-06-30,70.35,4.438836104513055,2.52,2.44,12.679999923706054,425.61,-0.20165545055924605,134,0
2024-07-07,69.35,-1.4214641080312673,2.08,2.52,12.204999923706055,426.25,0.15037240666337937,127,0
2024-07-14,66.0,-4.83056957462148,2.26,2.08,12.622000122070313,425.95,-0.07038123167155685,120,0
2024-07-21,67.87,2.833333333333332,2.02,2.26,14.647999954223632,424.8,-0.2699847399929567,113,0
2024-07-28,70.58,3.9929276558125837,2.06,2.02,16.50399990081787,424.88,0.01883239171374118,106,0
2024-08-04,70.14,-0.623406064040799,1.9,2.06,18.526000213623046,424.18,-0.1647524006778367,99,0
2024-08-11,72.52,3.3932135728542923,1.88,1.9,27.658000183105468,422.42,-0.41491819510585115,92,0
2024-08-18,71.13,-1.9167126309983407,2.13,1.88,17.010000038146973,422.83,0.09705979830498812,85,0
2024-08-25,70.3,-1.1668775481512683,2.04,2.13,16.04199981689453,421.36,-0.3476574509850172,78,0
2024-09-01,66.5,-5.405405405405405,1.94,2.04,15.868000030517578,422.33,0.23020694892728066,71,0
2024-09-08,64.99,-2.270676691729334,2.02,1.94,21.079999446868896,422.06,-0.06393104917954417,64,0
2024-09-15,63.39,-2.461917218033538,2.13,2.02,17.970000076293946,421.98,-0.018954650997482503,57,0
2024-09-22,66.33,4.637955513487935,2.26,2.13,17.091999816894532,421.71,-0.06398407507465231,50,0
2024-09-29,62.05,-6.452585557063173,2.56,2.26,15.803999900817871,421.95,0.05691114747101711,43,0
2024-10-06,64.62,4.14182111200645,2.66,2.56,18.91799964904785,422.16,0.04976892996801929,36,0
2024-10-13,62.28,-3.6211699164345412,2.4,2.66,21.261999893188477,422.62,0.10896342618911259,29,0
2024-10-20,66.97,7.530507385998719,2.15,2.4,19.412000274658205,422.17,-0.10647863328758778,22,0
2024-10-27,63.87,-4.628938330595789,1.88,2.15,19.044000244140626,423.15,0.23213397446524286,15,0
2024-11-03,68.02,6.497573195553463,1.83,1.88,20.905999755859376,423.34,0.04490133522392359,8,0
2024-11-10,68.01,-0.014701558365171064,1.5,1.83,17.77599983215332,423.6,0.061416355647958554,1,1
2024-11-17,69.27,1.8526687251874563,1.79,1.5,14.830000114440917,423.96,0.08498583569405138,358,0
2024-11-24,69.12,-0.2165439584235429,2.35,1.79,16.24000015258789,424.59,0.14859892442682376,351,0
2024-12-01,69.0,-0.17361111111111605,3.19,2.35,14.077500343322754,424.95,0.08478767752420069,344,0
2024-12-08,65.11,-5.637681159420294,2.9,3.19,13.280000114440918,425.67,0.16943169784682244,337,0
2024-12-15,66.85,2.6724005529104478,3.03,2.9,13.936000061035156,424.96,-0.16679587473865665,330,0
2024-12-22,70.15,4.936424831712816,3.0,3.03,20.126000213623048,425.59,0.1482492469879526,323,0
2024-12-29,74.45,6.129722024233786,2.94,3.0,15.432500123977661,426.08,0.1151342841702041,316,0
2025-01-05,73.34,-1.4909335124244416,3.46,2.94,17.202499866485596,426.31,0.0539804731505944,309,0
2025-01-12,77.6,5.808562857921995,3.93,3.46,17.77500057220459,426.78,0.11024841078088876,302,0
2025-01-19,79.95,3.028350515463929,5.47,3.93,17.31800022125244,426.86,0.018745020853838668,295,0
2025-01-26,82.19,2.801751094434013,4.02,5.47,15.007500410079956,426.92,0.014056130815731649,288,0
2025-02-02,80.65,-1.8737072636573648,3.31,4.02,16.62799987792969,427.05,0.03045066991473888,281,0
2025-02-09,78.12,-3.1370117792932417,3.28,3.31,16.728000259399415,426.86,-0.04449127736798619,274,0
2025-02-16,72.37,-7.360471070148488,4.03,3.28,15.518000411987305,427.67,0.18975776601226624,267,0
2025-02-23,69.56,-3.882824374740923,5.9,4.03,16.12249994277954,427.02,-0.15198634461150995,260,0
2025-03-02,67.21,-3.3783783783783883,3.89,5.9,19.653999710083006,428.15,0.2646246077466996,253,0
2025-03-09,70.06,4.24044041065319,4.27,3.89,23.292000579833985,428.74,0.13780217213594792,246,0
2025-03-16,70.51,0.6423065943476969,4.15,4.27,25.088000106811524,428.33,-0.09562905257266552,239,0
2025-03-23,67.91,-3.6874202240817056,4.14,4.15,20.238000106811523,428.01,-0.0747087525972967,232,0
2025-03-30,63.08,-7.112354586953318,3.92,4.14,18.65999984741211,427.65,-0.08411018434149042,225,0
2025-04-06,64.08,1.5852885225110969,4.07,3.92,28.17800064086914,429.24,0.371799368642578,218,0
2025-04-13,65.12,1.6229712858926382,3.67,4.07,42.242000579833984,430.03,0.1840462212282068,211,0
2025-04-20,65.69,0.8753071253071232,3.26,3.67,30.824999809265137,430.01,-0.004650838313602357,204,0
2025-04-27,68.0,3.5165169736641744,3.0,3.26,28.829999923706055,430.59,0.13488058417245874,197,0
2025-05-04,69.6,2.35294117647058,3.09,3.0,24.260000228881836,430.86,0.06270466104647543,190,0
2025-05-11,70.16,0.8045977011494232,3.19,3.09,23.265999603271485,430.58,-0.0649863064568601,183,0
2025-05-18,70.76,0.8551881413911167,3.2,3.19,18.059999847412108,430.35,-0.05341632217008563,176,0
2025-05-25,69.61,-1.6252119841718593,3.05,3.2,19.934000396728514,430.18,-0.03950273033577201,169,0
2025-06-01,72.67,4.395920126418629,3.03,3.05,19.00499963760376,429.96,-0.051141382677022396,162,0
2025-06-08,75.94,4.499793587450118,2.84,3.03,17.78200035095215,429.93,-0.006977393245877206,155,0
2025-06-15,72.97,-3.910982354490389,2.84,2.84,18.042000198364256,429.39,-0.12560184216036108,148,0
2025-06-22,70.96,-2.7545566671234867,3.08,2.84,20.36750030517578,429.48,0.020959966464051405,141,0
2025-06-29,71.67,1.0005636978579702,3.3,3.08,17.395999908447266,428.7,-0.18161497625035494,134,0
2025-07-06,70.55,-1.5627180131156715,3.19,3.3,16.644999504089355,428.41,-0.06764637275483709,127,0
2025-07-13,69.89,-0.9355067328136069,3.17,3.19,16.543999862670898,427.9,-0.1190448402231592,120,0
2025-07-20,71.34,2.0746887966805128,3.39,3.17,16.93400001525879,427.52,-0.08880579574667147,113,0
2025-07-27,71.04,-0.420521446593769,3.19,3.39,15.768000030517578,426.57,-0.22221182634730718,106,0
2025-08-03,73.21,3.0546171171170977,3.03,3.19,16.71799945831299,425.87,-0.16409967883348475,99,0
2025-08-10,70.68,-3.455812047534468,2.99,3.03,16.772000122070313,425.44,-0.10096977951018493,92,0
2025-08-17,72.53,2.6174306734578323,2.94,2.99,15.077999877929688,425.65,0.04936066190297517,85,0
2025-08-24,72.99,0.6342203226251231,2.85,2.94,15.413999938964844,425.02,-0.14800892752261374,78,0
2025-08-31,76.04,4.1786546102206,2.85,2.85,14.810000038146972,425.23,0.049409439555803125,71,0
2025-09-07,75.77,-0.3550762756444059,2.97,2.85,16.00000023841858,424.25,-0.2304635138630884,64,0
2025-09-14,77.55,2.349214728784488,2.96,2.97,14.994000053405761,423.98,-0.06364172068356044,57,0
2025-09-21,75.98,-2.0245003223726576,3.05,2.96,15.784000015258789,424.16,0.042454832775140616,50,0
2025-10-05,79.68,0.656897422940883,3.16,2.91,16.394000244140624,424.39,0.054224820822312836,36,0
2025-10-12,79.46,-0.27610441767069727,3.23,3.16,17.6,424.81,0.09896557411814833,29,0
2025-10-19,78.32,-1.4346841177951153,2.8,3.23,21.313999938964844,425.2,0.09180574845224498,22,0
2025-10-26,78.54,0.2808988764045006,3.25,2.8,17.67400016784668,425.25,0.011759172154279796,15,0
2025-11-02,79.47,1.184110007639405,3.42,3.25,16.69600009918213,424.78,-0.11052322163433992,8,0
2025-11-09,80.93,1.8371712595948164,3.54,3.42,18.552000045776367,426.8,0.47554027967420254,1,1
2025-11-16,80.41,-0.6425305819844462,3.62,3.54,18.444000244140625,426.55,-0.05857544517338109,365,0
2025-11-23,83.26,3.544335281681388,3.89,3.62,24.11599998474121,426.84,0.06798734028834463,365,0
2025-11-30,82.55,-0.8527504203699299,4.29,3.89,18.15500020980835,427.21,0.0866835348139805,365,0
2025-12-07,84.36,2.19261053906723,4.97,4.29,16.219999885559083,427.25,0.009363076707002982,365,0
2025-12-14,85.38,1.2091038406827792,4.6,4.97,15.990000152587891,427.22,-0.0070216500877684496,365,0
2025-12-21,86.34,1.1243851018974071,3.71,4.6,16.476000213623045,427.87,0.1521464350919821,365,0
2025-12-28,86.65,0.3590456335418102,3.45,3.71,13.787500143051147,428.26,0.09114918082595569,365,0
2026-01-04,87.89,1.4310444316214532,4.25,3.45,14.497499942779541,428.7,0.10274132536309821,365,0
2026-01-11,90.36,2.810331095687779,2.91,4.25,14.993999862670899,429.15,0.10496850944716751,365,0
2026-01-18,86.79,-3.9508632138114175,3.0,2.91,15.90999984741211,428.62,-0.12349994174530865,365,0
2026-01-25,79.8,-8.053923263048745,12.02,3.0,17.180000066757202,428.39,-0.05366058513368577,365,0
2026-02-01,77.32,-3.1077694235589037,13.8,12.02,16.63400001525879,428.1,-0.06769532435396686,365,0
2026-02-08,69.45,-10.178479048111733,5.01,13.8,19.02400016784668,429.06,0.22424667133846832,365,0
2026-02-15,72.54,4.449244060475177,3.27,5.01,18.844000244140624,429.95,0.20743019624294146,365,0
2026-02-22,69.48,-4.218362282878418,3.08,3.27,19.80750036239624,430.17,0.051168740551243985,365,0
2026-03-01,69.7,0.3166378814047244,3.01,3.08,19.395999908447266,429.62,-0.12785642885371207,365,0
2026-03-08,68.3,-2.0086083213773365,2.99,3.01,23.879999923706055,429.91,0.06750151296495144,365,0
2026-03-15,66.73,-2.298682284040987,3.19,2.99,25.828000259399413,429.46,-0.10467307110791912,365,0
2026-03-22,70.63,5.844447774614103,3.11,3.19,24.362000274658204,430.93,0.3422903180738679,365,0
2026-03-29,70.67,0.05663315871442531,2.95,3.11,27.38400001525879,431.73,0.18564500034807807,365,0
2026-04-05,71.84,1.6555822838545398,2.9,2.95,26.067500591278076,431.88,0.034743937182946105,365,0
2026-04-12,76.47,6.444877505567925,2.85,2.9,21.94200019836426,429.8,-0.4816152634991133,365,0
2026-04-19,73.92,-3.33464103570027,2.77,2.85,18.21400032043457,431.15,0.31409958120054426,365,0
2026-04-26,72.92,-1.35281385281385,2.7,2.77,19.061999893188478,432.44,0.2991998144497243,365,0
