Date,Price,Open,High,Low,Vol.,Change %
4/26/2026,72.92,73.59,74.63,71.54,1.20K,-1.35%
4/19/2026,73.92,75.69,75.69,73.26,3.86K,-3.33%
4/12/2026,76.47,71.09,76.48,70.98,9.55K,6.44%
4/5/2026,71.84,70.45,72.77,70.23,6.91K,1.66%
3/29/2026,70.67,70.11,73.66,70.11,5.21K,0.06%
3/22/2026,70.63,65.5,71.68,65.17,4.37K,5.84%
3/15/2026,66.73,68.45,69.24,62.29,5.71K,-2.30%
3/8/2026,68.3,68.92,72.95,66.84,3.71K,-2.01%
3/1/2026,69.7,67.92,73.07,67.81,4.14K,0.32%
2/22/2026,69.48,72.08,72.43,68.77,1.78K,-4.22%
2/15/2026,72.54,69.35,73.03,66.95,8.51K,4.45%
2/8/2026,69.45,78.24,80.31,69.35,10.39K,-10.18%
2/1/2026,77.32,79.7,82.97,74.83,16.26K,-3.11%
1/25/2026,79.8,86.84,87,79.26,7.94K,-8.05%
1/18/2026,86.79,89.9,89.9,82.31,16.79K,-3.95%
1/11/2026,90.36,88.24,91.94,87.93,7.94K,2.81%
1/4/2026,87.89,86.21,87.95,85.39,4.78K,1.43%
12/28/2025,86.65,86.58,87.21,85.21,1.43K,0.36%
12/21/2025,86.34,85.26,87.06,85.08,4.11K,1.12%
12/14/2025,85.38,84.56,86.67,83.94,7.96K,1.21%
12/7/2025,84.36,82.36,84.99,82.26,20.36K,2.19%
11/30/2025,82.55,83.5,83.82,81.84,22.00K,-0.85%
11/23/2025,83.26,80.3,83.32,79.57,227.07K,3.54%
11/16/2025,80.41,81.45,81.89,79.52,168.63K,-0.64%
11/9/2025,80.93,79.55,82.79,78.91,175.55K,1.84%
11/2/2025,79.47,78.78,82.41,78.78,175.70K,1.18%
10/26/2025,78.54,78.3,79.54,77.01,110.82K,0.28%
10/19/2025,78.32,79.5,79.99,77.91,115.45K,-1.43%
10/12/2025,79.46,79.54,79.9,76.68,149.73K,-0.28%
10/5/2025,79.68,79.72,80.37,77.9,134.85K,0.66%
9/28/2025,79.16,75.85,79.55,74.51,152.41K,4.19%
9/21/2025,75.98,77.69,77.69,75.1,120.53K,-2.02%
9/14/2025,77.55,75.6,78.45,75.11,137.80K,2.35%
9/7/2025,75.77,76.05,77.58,75.1,141.93K,-0.36%
8/31/2025,76.04,72.9,76.25,72.78,144.55K,4.18%
8/24/2025,72.99,72.51,73.3,71.31,103.26K,0.63%
8/17/2025,72.53,70.89,72.8,70.3,104.28K,2.62%
8/10/2025,70.68,72.98,73.15,70.28,95.49K,-3.46%
8/3/2025,73.21,71,73.35,70.15,113.89K,3.05%
7/27/2025,71.04,71.5,73.35,70.06,119.66K,-0.42%
7/20/2025,71.34,70.12,71.5,68.86,112.87K,2.07%
7/13/2025,69.89,70.1,72.39,69.52,99.18K,-0.94%
7/6/2025,70.55,71.7,71.99,69.64,96.38K,-1.56%
6/29/2025,71.67,71.03,72.79,68.71,109.45K,1.00%
6/22/2025,70.96,72.85,74.57,70.11,156.89K,-2.75%
6/15/2025,72.97,75.76,76.47,71.73,145.18K,-3.91%
6/8/2025,75.94,73.88,76.75,72.31,145.85K,4.50%
6/1/2025,72.67,70.1,73.1,69.69,5.82K,4.40%
5/25/2025,69.61,72.1,72.62,69.43,7.08K,-1.63%
5/18/2025,70.76,70,72.58,68.99,3.55K,0.86%
5/11/2025,70.16,71.81,72.84,70.15,4.90K,0.80%
5/4/2025,69.6,66.25,70.45,66.25,4.55K,2.35%
4/27/2025,68,65,68.18,63.78,3.72K,3.52%
4/20/2025,65.69,64.47,65.85,63.66,4.12K,0.88%
4/13/2025,65.12,65.67,66.74,64.83,7.83K,1.62%
4/6/2025,64.08,60.5,63.79,59.7,1.48K,1.59%
3/30/2025,63.08,67.1,69.01,62.03,1.70K,-7.11%
3/23/2025,67.91,70.55,70.72,67.21,6.89K,-3.69%
3/16/2025,70.51,68.9,73.02,68.67,4.98K,0.64%
3/9/2025,70.06,68.84,70.25,66.72,2.93K,4.24%
3/2/2025,67.21,70.91,71.29,65.48,8.00K,-3.38%
2/23/2025,69.56,72.78,72.79,69.26,4.51K,-3.88%
2/16/2025,72.37,77.67,77.7,70.82,5.17K,-7.36%
2/9/2025,78.12,81.53,82.55,75.74,6.85K,-3.14%
2/2/2025,80.65,81.73,81.73,78.06,4.99K,-1.87%
1/26/2025,82.19,79.41,82.67,77.15,6.50K,2.80%
1/19/2025,79.95,77.4,80.05,76.33,11.69K,3.03%
1/12/2025,77.6,74,78.57,74,4.85K,5.81%
1/5/2025,73.34,73.99,73.99,70.1,2.01K,-1.49%
12/29/2024,74.45,69.53,74.7,69.05,1.76K,6.13%
12/22/2024,70.15,66.38,70.38,66.36,1.40K,4.94%
12/15/2024,66.85,64.67,67,62.89,11.93K,2.67%
12/8/2024,65.11,69.15,70.16,64.82,22.57K,-5.64%
12/1/2024,69,69.3,70.5,67.8,6.30K,-0.17%
11/24/2024,69.12,69.94,72,67.87,9.96K,-0.22%
11/17/2024,69.27,67.28,70.96,66.96,180.91K,1.85%
11/10/2024,68.01,67.27,68.8,65.39,170.74K,-0.01%
11/3/2024,68.02,64.09,68.28,62.37,149.19K,6.50%
10/27/2024,63.87,66.25,67.75,63.22,139.63K,-4.63%
10/20/2024,66.97,62.45,67.57,61.29,153.70K,7.53%
10/13/2024,62.28,64.75,66.18,62.22,118.30K,-3.62%
10/6/2024,64.62,61.52,65.21,59.95,184.11K,4.14%
9/29/2024,62.05,66.46,66.97,61.41,158.63K,-6.45%
9/22/2024,66.33,63.7,66.75,63.34,144.34K,4.64%
9/15/2024,63.39,64.85,65.42,62.39,166.83K,-2.46%
9/8/2024,64.99,66.5,67.45,64.6,140.40K,-2.27%
9/1/2024,66.5,70.03,70.99,65.95,154.01K,-5.41%
8/25/2024,70.3,71.1,72.21,69.96,101.95K,-1.17%
8/18/2024,71.13,72.5,74.75,70.62,109.15K,-1.92%
8/11/2024,72.52,70.08,74.13,69.46,117.94K,3.39%
8/4/2024,70.14,69.89,71.86,67.85,118.32K,-0.62%
7/28/2024,70.58,67.7,71.5,67.2,133.30K,3.99%
7/21/2024,67.87,66.28,69.04,64.24,131.43K,2.83%
7/14/2024,66,69.58,69.58,65.73,,-4.83%
7/7/2024,69.35,70.59,71.85,67.6,,-1.42%
6/30/2024,70.35,67.41,71.95,67.13,,4.44%
6/23/2024,67.36,68.02,69.09,65.79,,-1.01%
6/16/2024,68.05,68.7,71.59,67.63,,-0.70%
6/9/2024,68.53,71.14,72.17,68.18,,-4.05%
6/2/2024,71.42,74.44,77.8,70.96,,-3.58%
5/26/2024,74.07,75.7,76.99,72.95,,-2.26%
5/19/2024,75.78,71,78.1,71,,7.46%
5/12/2024,70.52,71.33,71.83,68.75,,-1.49%
5/5/2024,71.59,71.74,75.5,69.61,,-0.35%
4/28/2024,71.84,67,74.55,65.01,,6.41%
4/21/2024,67.51,68,69.92,64.8,,-1.47%
4/14/2024,68.52,71.55,74.9,68.13,,-4.36%
4/7/2024,71.64,60.72,71.81,59.69,,17.42%
3/31/2024,61.01,61.22,61.5,56.91,,-1.49%
3/24/2024,61.93,61.69,65.74,61.08,,0.70%
3/17/2024,61.5,59.5,62.87,58.8,,3.57%
3/10/2024,59.38,58.22,60.25,55.08,,1.50%
3/3/2024,58.5,56.4,62.8,53.5,,3.89%
2/25/2024,56.31,52.11,58.87,51.55,,7.24%
2/18/2024,52.51,57.11,57.11,51.12,,-8.05%
2/11/2024,57.11,58.64,59.05,55.41,,-2.87%
2/4/2024,58.8,63.8,64.31,58.2,,-7.40%
1/28/2024,63.5,63.6,65.14,61.3,,0.63%
1/21/2024,63.1,63.03,66.43,60.86,,-0.50%
1/14/2024,63.42,66,67.46,62.5,,-0.60%
1/7/2024,63.8,73.68,73.75,63,,-13.75%
12/31/2023,73.97,77.98,78.22,73.04,,-5.14%
12/24/2023,77.98,76.94,78.61,76.94,,1.35%
12/17/2023,76.94,68.26,77.08,67.03,,13.87%
12/10/2023,67.57,68.5,70.16,65.99,,-1.53%
12/3/2023,68.62,72.03,72.08,68.37,,-5.29%
11/26/2023,72.45,76.34,76.5,70.44,,-5.24%
11/19/2023,76.46,76.63,77.8,74.88,,0.30%
11/12/2023,76.23,78.5,80.27,76.02,,-2.89%
11/5/2023,78.5,77.48,78.85,74.84,,1.68%
10/29/2023,77.2,79.45,80.98,76.24,,-2.72%
10/22/2023,79.36,81.39,81.5,79.3,,-2.83%
10/15/2023,81.67,85.58,85.93,80.84,,-4.66%
10/8/2023,85.66,80.65,86.6,80,,6.25%
10/1/2023,80.62,81.42,82.39,79.52,,-1.02%
9/24/2023,81.45,85.95,85.95,81.42,,-4.51%
9/17/2023,85.3,82.18,86.05,80.51,,3.90%
9/10/2023,82.1,81.79,84.09,80.57,,0.59%
9/3/2023,81.62,85.63,85.63,81.28,,-4.69%
8/27/2023,85.64,85.4,87.28,84.52,,0.46%
8/20/2023,85.25,88.62,90.39,84.5,,-3.18%
8/13/2023,88.05,86.57,89.87,86,,1.44%
8/6/2023,86.8,83.55,86.92,82.31,,4.06%
7/30/2023,83.41,88.34,89.42,83.01,,-5.96%
7/23/2023,88.7,91.82,93.5,88.16,,-3.40%
7/16/2023,91.82,85.93,92.3,85.18,,6.33%
7/9/2023,86.35,86.16,88.32,85.11,,0.23%
7/2/2023,86.15,89.12,89.83,85.33,,-3.82%
6/25/2023,89.57,87.69,89.7,85.8,,2.31%
6/18/2023,87.55,91.7,96,87.55,,-4.75%
6/11/2023,91.92,86.75,95.18,84.88,,6.71%
6/4/2023,86.14,79.05,87.3,78.01,,9.70%
5/28/2023,78.52,83.01,84.46,78.47,,-5.55%
5/21/2023,83.13,89.43,89.71,81.94,,-7.04%
5/14/2023,89.43,88.5,91.24,86.13,,0.56%
5/7/2023,88.93,85,90.12,84.5,,4.67%
4/30/2023,84.96,87.39,90.82,83.25,,-3.07%
4/23/2023,87.65,90.11,90.11,85.16,,-2.46%
4/16/2023,89.86,94.14,96.47,89.25,,-4.52%
4/9/2023,94.11,96.75,98.43,93.1,,-2.73%
4/2/2023,96.75,91.75,98,91.69,,5.45%
3/26/2023,91.75,88.02,92.89,86.73,,7.44%
3/19/2023,85.4,83.7,91.02,82.13,,-0.20%
3/12/2023,85.57,96.3,96.3,83.43,,-11.63%
3/5/2023,96.83,90.5,96.93,89.05,,8.47%
2/26/2023,89.27,95.64,97.2,88.47,,-5.82%
2/19/2023,94.79,94.63,97.99,93.26,,1.56%
2/12/2023,93.33,90.1,95.42,87.24,,3.20%
2/5/2023,90.44,90.44,92.34,86.5,,-0.51%
1/29/2023,90.9,87.05,94.26,85.84,,4.55%
1/22/2023,86.94,82.59,88,78.9,,5.25%
1/15/2023,82.6,76.8,82.73,74.75,,6.99%
1/8/2023,77.2,74.8,79.79,74.8,,2.18%
1/1/2023,75.55,80.17,83.68,74.85,,-4.85%
12/25/2022,79.4,85.92,88.5,78.23,,-8.58%
12/18/2022,86.85,86.57,88.05,83.85,,3.79%
12/11/2022,83.68,87.5,90.41,83.07,,-4.62%
12/4/2022,87.73,87.85,89.54,85.4,,-0.28%
11/27/2022,87.98,78.92,88.69,76.92,,11.41%
11/20/2022,78.97,72.44,79.76,71.68,,8.97%
11/13/2022,72.47,75.69,77.41,71.89,112.03K,-4.44%
11/6/2022,75.84,76.36,78.2,70.5,125.86K,-0.68%
10/30/2022,76.36,81.77,82,75.36,94.66K,-5.97%
10/23/2022,81.21,69,82.58,67.64,123.12K,18.18%
10/16/2022,68.72,68.01,69.69,66.26,84.55K,1.03%
10/9/2022,68.02,68.98,69.5,65.01,94.22K,-2.62%
10/2/2022,69.85,66.55,71.36,64.25,85.10K,4.68%
9/25/2022,66.73,65.15,71.95,64.1,97.30K,1.46%
9/18/2022,65.77,73.32,73.8,65.35,85.07K,-10.24%
9/11/2022,73.27,65.99,73.93,65.73,110.26K,10.88%
9/4/2022,66.08,77.49,77.49,65.55,139.95K,-15.16%
8/28/2022,77.89,90.5,90.5,77.45,114.73K,-13.75%
8/21/2022,90.31,98.5,98.69,87.2,85.13K,-7.86%
8/14/2022,98.01,89.35,99.22,88.5,86.21K,10.28%
8/7/2022,88.87,85,89.25,83.65,72.57K,4.85%
7/31/2022,84.76,78.5,85.45,78.1,75.47K,7.91%
7/24/2022,78.55,76.12,80.12,75.49,91.34K,2.95%
7/17/2022,76.3,85.5,85.5,76,131.81K,-10.63%
7/10/2022,85.38,82.77,86.57,82.7,71.98K,3.13%
7/3/2022,82.79,85.58,87.17,82.52,71.92K,-3.26%
6/26/2022,85.58,84,90.35,83,89.16K,2.58%
6/19/2022,83.43,83.5,85.43,81.2,81.00K,1.29%
6/12/2022,82.37,82.1,86.98,79.81,83.66K,0.62%
6/5/2022,81.86,87.21,87.21,79.1,97.36K,-5.77%
5/29/2022,86.87,84.36,88.64,83.09,50.05K,3.17%
5/22/2022,84.2,80.16,85.33,77.38,89.17K,4.74%
5/15/2022,80.39,87.7,92.75,80.16,114.74K,-9.14%
5/8/2022,88.48,91.37,92.22,81.9,117.22K,-3.34%
5/1/2022,91.54,83.59,92.45,82.44,110.30K,8.40%
4/24/2022,84.45,88.09,88.32,78.8,105.49K,-5.10%
4/17/2022,88.99,80.14,89.89,79.52,86.02K,11.28%
4/10/2022,79.97,79.75,80.25,76.85,62.73K,-0.15%
4/3/2022,80.09,78.22,80.98,76.34,86.68K,2.04%
3/27/2022,78.49,78.7,81.99,75.35,137.92K,-0.14%
3/20/2022,78.6,78.72,81.4,75.85,97.91K,-0.37%
3/13/2022,78.89,76,81.5,75.01,109.52K,2.77%
3/6/2022,76.76,64.29,78,56.5,177.34K,17.91%
2/27/2022,65.1,85.94,86,55,269.72K,-26.14%
2/20/2022,88.14,89.07,95.56,86.15,143.01K,-1.49%
2/13/2022,89.47,93.7,94,85.8,133.53K,-3.66%
2/6/2022,92.87,96.62,98.49,88.5,144.11K,-3.71%
1/30/2022,96.45,89.37,97.5,87.16,130.41K,8.10%
1/23/2022,89.22,84.4,90.63,83.02,124.20K,5.62%
1/16/2022,84.47,82.7,85.97,79,145.20K,2.91%
1/9/2022,82.08,86.12,87,77.55,124.62K,-3.91%
1/2/2022,85.42,79.8,88.55,79.8,77.37K,5.91%
12/26/2021,80.65,75.87,81.25,75.04,34.32K,5.69%
12/19/2021,76.31,74,82.85,73.42,99.41K,3.09%
12/12/2021,74.02,84.8,87.4,73.25,145.20K,-12.27%
12/5/2021,84.37,79.14,91.19,78.74,121.60K,7.29%
11/28/2021,78.64,74.2,80.8,73.54,67.07K,7.55%
11/21/2021,73.12,70.09,75.37,69.1,53.79K,4.98%
11/14/2021,69.65,63.94,70.1,63.94,44.17K,9.55%
11/7/2021,63.58,60.27,64.81,60.16,36.10K,6.45%
10/31/2021,59.73,59.41,61.76,57,40.67K,1.10%
10/24/2021,59.08,59.51,60.54,58.32,25.28K,0.75%
10/17/2021,58.64,58.93,60.53,54.45,36.25K,-1.92%
10/10/2021,59.79,58.67,62.19,58.49,24.82K,1.75%
10/3/2021,58.76,63.27,65.8,58.2,42.36K,-5.91%
9/26/2021,62.45,64.25,66,60.73,29.91K,-1.33%
9/19/2021,63.29,59.59,64.5,58.88,27.78K,5.80%
9/12/2021,59.82,61.23,62.99,58.64,29.58K,-2.29%
9/5/2021,61.22,62.48,63.61,60.95,17.86K,-0.67%
8/29/2021,61.63,60.31,62.75,59.89,20.19K,3.89%
8/22/2021,59.32,55.53,60.25,55.26,20.17K,8.41%
8/15/2021,54.72,55.5,58.6,52.86,21.69K,-1.83%
8/8/2021,55.74,56.9,58.53,55.58,9.70K,-2.24%
8/1/2021,57.02,53.47,57.3,53.46,8.08K,6.20%
7/25/2021,53.69,51.1,54.69,50.96,8.29K,4.74%
7/18/2021,51.26,53,54.35,50.37,21.88K,-3.79%
7/11/2021,53.28,54.22,55.88,51.7,12.21K,-2.54%
7/4/2021,54.67,58.02,58.69,51.32,14.17K,-5.35%
6/27/2021,57.76,55.89,59,55.05,18.74K,4.11%
6/20/2021,55.48,52.16,56.16,51.99,28.36K,6.16%
6/13/2021,52.26,53.43,54.36,50.76,13.25K,-1.53%
6/6/2021,53.07,49.83,54.6,49.83,11.14K,5.15%
5/30/2021,50.47,52.38,53.7,49.8,12.06K,-2.15%
5/23/2021,51.58,52.2,55.23,50.78,16.28K,-1.62%
5/16/2021,52.43,57.02,57.37,49.3,39.43K,-8.39%
5/9/2021,57.23,51.5,57.48,51.5,24.94K,12.37%
5/2/2021,50.93,49.59,51.58,48.87,20.29K,3.29%
4/25/2021,49.31,47.39,49.83,46.84,20.90K,4.07%
4/18/2021,47.38,44.9,47.67,44.29,10.84K,5.76%
4/11/2021,44.8,44.23,45.18,43.86,12.07K,1.75%
4/4/2021,44.03,43.2,44.72,43.13,6.55K,2.85%
3/28/2021,42.81,41.84,43.16,41.19,6.83K,1.71%
3/21/2021,42.09,42.1,43.35,40,13.09K,-0.52%
3/14/2021,42.31,42.44,44.07,41.6,37.41K,-2.04%
3/7/2021,43.19,39.76,43.22,38.67,24.72K,9.73%
2/28/2021,39.36,38.16,39.45,37.03,12.52K,4.68%
2/21/2021,37.6,37.73,39.83,36.8,9.20K,-0.27%
2/14/2021,37.7,40.18,40.88,37.68,19.69K,-6.41%
2/7/2021,40.28,39.39,40.5,37.4,27.72K,4.81%
1/31/2021,38.43,33.19,38.9,32.85,6.70K,15.82%
1/24/2021,33.18,34.77,34.84,32.48,6.04K,-3.69%
1/17/2021,34.45,31.83,34.45,31.56,5.28K,7.79%
1/10/2021,31.96,35.29,35.59,31.89,7.78K,-9.05%
1/3/2021,35.14,33.14,35.35,32.96,5.73K,6.68%
12/27/2020,32.94,32.7,33.61,32.33,1.92K,1.64%
12/20/2020,32.41,30.86,32.61,29.98,2.38K,3.35%
12/13/2020,31.36,30.83,32.7,30.83,12.06K,1.23%
12/6/2020,30.98,30.31,31.77,29.91,26.64K,1.34%
11/29/2020,30.57,28.58,30.75,28.53,10.34K,6.93%
11/22/2020,28.59,27.66,29.1,27.36,24.08K,5.30%
11/15/2020,27.15,27,28.2,26.7,11.22K,1.76%
11/8/2020,26.68,26.47,27.42,25.83,6.43K,3.21%
11/1/2020,25.85,24,26.59,23.3,6.53K,6.86%
10/25/2020,24.19,25.37,25.37,23.4,7.41K,-6.89%
10/18/2020,25.98,25.35,26.05,23.64,10.17K,2.28%
10/11/2020,25.4,26.05,26.4,25.17,11.39K,-3.20%
10/4/2020,26.24,27.4,28.17,26.07,4.85K,-4.89%
9/27/2020,27.59,27,28.27,26.65,8.76K,3.14%
9/20/2020,26.75,28.47,28.47,26.49,11.34K,-6.73%
9/13/2020,28.68,29.35,31.4,28.71,9.77K,-1.07%
9/6/2020,28.99,28.27,29.19,27.04,3.69K,3.06%
8/30/2020,28.13,30.43,30.43,28.06,5.41K,-7.41%
8/23/2020,30.38,27.5,30.69,27.43,9.67K,14.73%
8/16/2020,26.48,26.5,27.66,25.95,10.00K,0.46%
8/9/2020,26.36,27.96,27.96,25.94,9.13K,-3.51%
8/2/2020,27.32,27.45,28.27,26.5,4.11K,0.37%
7/26/2020,27.22,27,27.69,25.8,8.09K,-0.18%
7/19/2020,27.27,27.8,28.26,26.8,11.24K,-5.18%
7/12/2020,28.76,30.11,31.35,27.74,9.29K,-3.43%
7/5/2020,29.78,29.45,30.52,28.61,1.43K,3.98%
6/28/2020,28.64,25.59,28.8,25.5,3.50K,12.49%
6/21/2020,25.46,24.56,26.42,24.56,4.58K,2.17%
6/14/2020,24.92,22.44,25.3,22.43,1.54K,9.39%
6/7/2020,22.78,23.52,23.63,22.66,1.15K,-5.16%
5/31/2020,24.02,22.07,23.91,21.74,2.51K,8.30%
5/24/2020,22.18,22.24,22.95,21.7,5.34K,-0.05%
5/17/2020,22.19,20.3,22.27,20.2,8.28K,11.17%
5/10/2020,19.96,19.88,20,19.2,3.27K,-1.04%
5/3/2020,20.17,19.81,20.5,19.59,2.69K,1.87%
4/26/2020,19.8,21.74,21.74,19.85,3.37K,-8.04%
4/19/2020,21.53,22.2,22.28,20.28,5.82K,-4.23%
4/12/2020,22.48,21.22,23,19.74,4.53K,2.84%
4/5/2020,21.86,19.2,22.49,19.2,1.47K,16.71%
3/29/2020,18.73,17.22,19.12,17.22,0.71K,9.47%
3/22/2020,17.11,15.6,18.29,15.15,11.84K,1.60%
3/15/2020,16.84,22,22,16.01,19.87K,-24.75%
3/8/2020,22.38,23.57,24.39,22.4,3.51K,-6.08%
3/1/2020,23.83,24.42,24.51,23.71,5.87K,-0.79%
2/23/2020,24.02,25.51,25.51,23.61,1.53K,-7.72%
2/16/2020,26.03,24.64,26.11,24.64,1.22K,5.34%
2/9/2020,24.71,23.71,25.02,23.39,0.61K,4.04%
2/2/2020,23.75,24.15,24.26,23.35,3.03K,-2.30%
1/26/2020,24.31,24.7,25.05,23.9,6.98K,-2.25%
1/19/2020,24.87,25.81,26.1,24.8,3.84K,-4.24%
1/12/2020,25.97,24.55,25.81,24.2,1.55K,5.01%
1/5/2020,24.73,24.95,25.2,24.57,0.74K,-3.02%
12/29/2019,25.5,26.77,26.77,25.34,0.15K,-6.42%
12/22/2019,27.25,27.55,27.59,27.55,0.03K,0.15%
12/15/2019,27.21,24.74,27.4,24.74,0.43K,10.12%
12/8/2019,24.71,25.33,26.23,25,0.80K,-3.78%
12/1/2019,25.68,25.7,25.7,24.58,0.81K,-1.00%
11/24/2019,25.94,25.02,25.88,24.93,0.79K,2.49%
11/17/2019,25.31,24.18,24.84,24.08,0.16K,3.01%
11/10/2019,24.57,25.85,25.89,24.17,1.72K,-3.87%
11/3/2019,25.56,25.81,26.67,25.35,0.55K,-1.77%
10/27/2019,26.02,25.66,26.74,25.56,1.03K,0.85%
10/20/2019,25.8,26.6,26.6,25.55,1.65K,-3.73%
10/13/2019,26.8,24.82,26.98,24.82,2.67K,5.68%
10/6/2019,25.36,23.83,24.84,23.1,1.83K,6.06%
9/29/2019,23.91,26.14,26.17,24.1,3.85K,-9.23%
9/22/2019,26.34,27.01,27.01,26.17,0.55K,-4.53%
9/15/2019,27.59,27.92,28.1,26.31,1.34K,0.77%
9/8/2019,27.38,26.16,28.34,25.95,2.26K,5.11%
9/1/2019,26.05,26.94,26.94,25.9,2.87K,-4.82%
8/25/2019,27.37,26.71,27.6,26.71,0.41K,4.31%
8/18/2019,26.24,27.91,27.91,25.92,0.07K,-3.35%
8/11/2019,27.15,29.34,29.34,27.3,1.53K,-7.53%
8/4/2019,29.36,30.05,30.15,29.42,1.71K,-4.08%
7/28/2019,30.61,29.5,30.73,29.44,0.61K,2.89%
7/21/2019,29.75,30.6,31.22,30.15,1.32K,-2.07%
7/14/2019,30.38,30.66,31.02,29.47,1.24K,0.40%
7/7/2019,30.26,28.22,29.94,27.97,2.27K,9.36%
6/30/2019,27.67,28.1,28.44,27.1,2.31K,0.62%
6/23/2019,27.5,26.71,28.65,26.71,1.88K,4.09%
6/16/2019,26.42,26.15,26.42,25.99,2.36K,1.03%
6/9/2019,26.15,25.87,26.09,25.86,0.16K,1.91%
6/2/2019,25.66,25.1,25.7,24.98,3.62K,0.83%
5/26/2019,25.45,26.02,26.94,25.68,0.33K,-3.74%
5/19/2019,26.44,26.18,27.08,26.18,0.62K,1.85%
5/12/2019,25.96,26.6,26.6,26.53,0.57K,-2.48%
5/5/2019,26.62,26.8,27.65,26.8,0.61K,1.26%
4/28/2019,26.29,27.11,27.53,25.69,2.01K,-2.95%
4/21/2019,27.09,27.09,27.09,27.09,2.06K,-3.73%
4/14/2019,28.14,28.33,28.36,27.84,1.58K,1.15%
4/7/2019,27.82,25.99,28.11,25.99,5.36K,7.41%
3/31/2019,25.9,22.46,25.6,22.46,1.78K,13.50%
3/24/2019,22.82,21.95,23.63,21.95,1.09K,3.77%
3/17/2019,21.99,22.45,23.15,21.92,0.56K,-8.07%
3/10/2019,23.92,23.8,24.28,23.46,1.60K,-2.45%
3/3/2019,24.52,24.5,24.97,23.75,0.30K,3.33%
2/24/2019,23.73,20.63,20.76,20.55,1.34K,16.15%
2/17/2019,20.43,22.2,22.2,20.23,1.65K,-7.30%
2/10/2019,22.04,22.3,22.6,21.74,1.12K,-7.82%
2/3/2019,23.91,23.08,25.05,23.08,0.21K,1.53%
1/27/2019,23.55,25.06,25.09,24.45,2.63K,-8.29%
1/20/2019,25.68,26.28,26.6,25.28,0.90K,-3.57%
1/13/2019,26.63,24.32,25.63,24.32,6.99K,8.61%
1/6/2019,24.52,24.23,24.88,23.95,4.36K,-4.44%
12/30/2018,25.66,25.45,25.77,25.41,0.37K,-5.03%
12/23/2018,27.02,27.39,27.41,26.93,0.05K,0.19%
12/16/2018,26.97,26.45,27.03,26.45,2.52K,4.70%
12/9/2018,25.76,25,25.5,25,1.06K,13.98%
12/2/2018,22.6,22.85,22.9,22.25,2.09K,-0.44%
11/25/2018,22.7,22.7,22.7,22.7,0.98K,1.34%
11/18/2018,22.4,21.9,23.32,21.9,1.53K,5.11%
11/11/2018,21.31,22.79,22.79,21.87,1.80K,-1.57%
11/4/2018,21.65,20.39,20.39,20.39,1.33K,12.88%
10/28/2018,19.18,19.88,19.88,17.51,7.47K,-6.85%
10/21/2018,20.59,22.17,22.49,21.47,0.48K,-9.05%
10/14/2018,22.64,23.72,23.76,21.45,5.55K,-6.48%
10/7/2018,24.21,26.18,26.2,22.55,3.00K,-7.24%
9/30/2018,26.1,24.42,25.38,24.42,0.33K,5.97%
9/23/2018,24.63,24.63,24.63,24.63,0.23K,-1.00%
9/16/2018,24.88,22.43,22.43,22.43,1.83K,10.97%
9/9/2018,22.42,26.51,26.51,23,0.88K,-11.49%
9/2/2018,25.33,22.22,22.22,22.21,0.44K,9.18%
8/26/2018,23.2,23.14,23.65,22.87,0.87K,1.62%
8/19/2018,22.83,20.14,22.68,20.14,2.06K,13.92%
8/12/2018,20.04,19.81,20.09,19.81,0.77K,1.57%
8/5/2018,19.73,19.73,19.73,19.73,0.06K,1.02%
7/29/2018,19.53,19.62,19.62,19.56,0.29K,2.30%
7/22/2018,19.09,19.16,19.16,19.16,1.75K,1.70%
7/15/2018,18.77,18.77,18.77,18.77,0.30K,6.11%
7/8/2018,17.69,17.69,17.69,17.69,74.60K,2.37%
7/1/2018,17.28,17.28,17.28,17.28,0.00K,4.66%
6/24/2018,16.51,16.51,16.51,16.51,0.07K,-0.60%
6/17/2018,16.61,16.61,16.61,16.61,0.50K,3.94%
6/10/2018,15.98,15.98,15.98,15.98,0.05K,-7.09%
6/3/2018,17.2,17.2,17.2,17.2,0.00K,3.93%
5/27/2018,16.55,16.55,16.55,16.55,0.07K,-3.61%
5/20/2018,17.17,17.17,17.17,17.17,0.07K,4.82%
5/13/2018,16.38,16.39,16.39,16.39,0.01K,4.46%
5/6/2018,15.68,15.68,15.68,15.68,0.01K,11.68%
4/29/2018,14.04,14.04,14.04,14.04,0.00K,-3.70%
4/22/2018,14.58,14.58,14.58,14.58,0.11K,3.99%
4/15/2018,14.02,14.02,14.02,14.02,0.31K,-5.53%
4/8/2018,14.84,14.84,14.84,14.84,118.58K,7.85%
4/1/2018,13.76,13.76,13.76,13.76,83.76K,-1.99%
3/25/2018,14.04,14.04,14.04,14.04,7.00K,6.12%
3/18/2018,13.23,13.23,13.23,13.23,1.06K,12.79%
3/11/2018,11.73,11.73,11.73,11.73,0.10K,-0.51%
3/4/2018,11.79,11.79,11.79,11.79,0.86K,9.47%
2/25/2018,10.77,10.77,10.77,10.77,1.87K,3.26%
2/18/2018,10.43,10.43,10.43,10.43,82.13K,2.96%
2/11/2018,10.13,10.13,10.13,10.13,0.01K,3.47%
2/4/2018,9.79,9.79,9.79,9.79,75.08K,2.73%
1/28/2018,9.53,9.53,9.53,9.53,0.38K,-1.45%
1/21/2018,9.67,9.67,9.67,9.67,1.00K,4.54%
1/14/2018,9.25,9.25,9.25,9.25,0.13K,11.99%
1/7/2018,8.26,8.26,8.26,8.26,58.43K,0.85%
12/31/2017,8.19,8.19,8.19,8.19,33.52K,-4.77%
12/24/2017,8.6,8.6,8.6,8.6,10.98K,-0.23%
12/17/2017,8.62,8.62,8.62,8.62,13.04K,12.68%
12/10/2017,7.65,7.69,7.69,7.69,0.70K,0.92%
12/3/2017,7.58,7.58,7.58,7.58,75.47K,-6.77%
11/26/2017,8.13,8.13,8.13,8.13,62.83K,-0.97%
11/19/2017,8.21,8.21,8.21,8.21,0.01K,3.53%
11/12/2017,7.93,7.93,7.93,7.93,20.60K,0.89%
11/5/2017,7.86,7.86,7.86,7.86,0.65K,-5.53%
10/29/2017,8.32,8.32,8.32,8.32,0.00K,9.33%
10/22/2017,7.61,7.61,7.61,7.61,0.75K,-4.87%
10/15/2017,8,8,8,8,0.03K,2.83%
10/8/2017,7.78,7.78,7.78,7.78,0.15K,3.46%
10/1/2017,7.52,7.52,7.52,7.52,10.74K,-0.92%
9/24/2017,7.59,7.59,7.59,7.59,11.99K,6.30%
9/17/2017,7.14,7.14,7.14,7.14,0.02K,-4.03%
9/10/2017,7.44,7.44,7.44,7.44,0.01K,-1.59%
9/3/2017,7.56,7.56,7.56,7.56,0.00K,17.57%
8/27/2017,6.43,6.43,6.43,6.43,0.16K,-3.89%
8/20/2017,6.69,6.69,6.69,6.69,0.11K,4.37%
8/13/2017,6.41,6.41,6.41,6.41,21.15K,7.01%
8/6/2017,5.99,5.99,5.99,5.99,8.68K,2.22%
7/30/2017,5.86,5.86,5.86,5.86,0.01K,2.99%
7/23/2017,5.69,5.69,5.69,5.69,5.63K,1.61%
7/16/2017,5.6,5.6,5.6,5.6,0.02K,-3.78%
7/9/2017,5.82,5.82,5.82,5.82,0.00K,1.39%
7/2/2017,5.74,5.74,5.74,5.74,8.97K,5.90%
6/25/2017,5.42,5.42,5.42,5.42,11.19K,3.24%
6/18/2017,5.25,5.25,5.25,5.25,0.17K,-0.19%
6/11/2017,5.26,5.26,5.26,5.26,4.06K,-2.95%
6/4/2017,5.42,5.42,5.42,5.42,0.15K,-2.17%
5/28/2017,5.54,5.54,5.54,5.54,0.05K,-0.72%
5/21/2017,5.58,5.58,5.58,5.58,0.23K,6.90%
5/14/2017,5.22,5.22,5.22,5.22,0.03K,8.07%
5/7/2017,4.83,4.83,4.83,4.83,0.03K,-2.23%
4/30/2017,4.94,4.94,4.94,4.94,0.01K,0.00%
4/23/2017,4.94,4.94,4.94,4.94,0.00K,0.00%
4/16/2017,4.94,4.94,4.94,4.94,0.01K,-7.14%
4/9/2017,5.32,5.32,5.32,5.32,0.00K,1.33%
4/2/2017,5.25,5.25,5.25,5.25,0.01K,4.17%
3/26/2017,5.04,5.04,5.04,5.04,1.18K,-1.37%
3/19/2017,5.11,5.11,5.11,5.11,5.43K,-6.75%
3/12/2017,5.48,5.48,5.48,5.48,0.94K,-0.54%
3/5/2017,5.51,5.51,5.51,5.51,2.25K,-7.24%
2/26/2017,5.94,5.94,5.94,5.94,2.30K,3.66%
2/19/2017,5.73,5.73,5.73,5.73,0.01K,7.91%
2/12/2017,5.31,5.31,5.31,5.31,0.02K,-2.57%
2/5/2017,5.45,5.45,5.45,5.45,8.46K,-0.73%
1/29/2017,5.49,5.49,5.49,5.49,0.02K,11.81%
1/22/2017,4.91,5.19,5.19,4.95,0.01K,-9.41%
1/15/2017,5.42,4.96,4.96,4.66,0.04K,7.75%
1/8/2017,5.03,5.05,5.36,5.05,0.01K,0.00%
1/1/2017,5.03,5.64,5.68,5.04,0.05K,-23.09%
12/25/2016,6.54,6.54,6.54,6.54,0.25K,5.14%
12/18/2016,6.22,4.96,5.89,4.93,16.02K,26.17%
12/11/2016,4.93,4.51,5.19,4.49,113.04K,10.54%
12/4/2016,4.46,4.27,4.78,3.97,96.85K,3.72%
11/27/2016,4.3,4.99,4.99,4.25,76.18K,-14.00%
11/20/2016,5,5.47,5.47,5.35,0.00K,-10.39%
11/13/2016,5.58,5.55,5.8,5.55,0.01K,-1.59%
11/6/2016,5.67,6.52,6.52,5.7,0.01K,-11.54%
10/30/2016,6.41,5.93,5.97,5.93,0.02K,9.01%
10/23/2016,5.88,5.76,5.76,5.75,0.01K,-0.17%
10/16/2016,5.89,5.9,5.9,5.9,0.00K,1.38%
10/9/2016,5.81,5.55,5.64,5.55,0.00K,2.11%
10/2/2016,5.69,5.22,5.67,5.22,0.01K,14.72%
9/25/2016,4.96,4.64,5.19,4.64,0.10K,9.25%
9/18/2016,4.54,4.43,4.65,4.1,0.03K,4.13%
9/11/2016,4.36,3.97,3.97,3.97,0.00K,6.86%
9/4/2016,4.08,4.08,4.08,4.08,5.67K,0.00%
8/28/2016,4.08,4.35,4.35,4.33,1.21K,-13.01%
8/21/2016,4.69,4.87,4.87,4.87,0.01K,-1.47%
8/14/2016,4.76,4.49,4.49,4.49,0.01K,-2.66%
8/7/2016,4.89,4.89,4.89,4.89,1.28K,3.60%
7/31/2016,4.72,4.56,4.59,4.56,0.01K,7.03%
7/24/2016,4.41,4.4,4.4,4.4,0.00K,-3.08%
7/17/2016,4.55,4.72,4.72,4.72,0.01K,-7.52%
7/10/2016,4.92,4.53,4.85,4.43,0.09K,8.61%
7/3/2016,4.53,4.51,4.72,4.51,0.03K,-1.74%
6/26/2016,4.61,5.06,5.06,4.46,0.06K,-6.87%
6/19/2016,4.95,5.56,5.57,4.89,2.32K,-12.54%
6/12/2016,5.66,5.89,5.89,5.67,0.57K,-4.71%
6/5/2016,5.94,6.36,6.36,5.95,0.26K,0.17%
5/29/2016,5.93,5.98,5.98,5.98,1.87K,-1.50%
5/22/2016,6.02,5.9,5.9,5.81,0.12K,1.18%
5/15/2016,5.95,5.9,5.97,5.89,0.54K,1.88%
5/8/2016,5.84,5.83,5.85,5.83,0.16K,-0.17%
5/1/2016,5.85,5.85,5.85,5.85,2.74K,-5.19%
4/24/2016,6.17,5.94,6.06,5.94,0.05K,3.52%
4/17/2016,5.96,5.5,5.75,5.5,0.02K,8.96%
4/10/2016,5.47,5.52,5.55,5.5,0.07K,1.11%
4/3/2016,5.41,5.32,5.32,5.32,0.01K,4.84%
3/27/2016,5.16,4.77,5.09,4.77,0.02K,6.61%
3/20/2016,4.84,4.84,4.84,4.84,1.52K,-1.83%
3/13/2016,4.93,4.97,5.01,4.61,0.32K,-1.00%
3/6/2016,4.98,4.97,5.2,4.84,3.83K,1.22%
2/28/2016,4.92,4.95,5.02,4.78,3.56K,-1.20%
2/21/2016,4.98,5.24,5.24,4.72,0.03K,-3.30%
2/14/2016,5.15,4.98,4.98,4.88,0.02K,1.98%
2/7/2016,5.05,5.2,5.2,4.63,0.02K,-8.84%
1/31/2016,5.54,5.85,5.85,5.6,0.07K,-8.28%
1/24/2016,6.04,5.95,5.95,5.9,0.88K,-4.43%
1/17/2016,6.32,6.55,6.61,6.55,0.10K,-5.25%
1/10/2016,6.67,7,7,6.73,4.51K,-9.99%
1/3/2016,7.41,8.06,8.06,7.93,1.07K,-9.85%
12/27/2015,8.22,8.22,8.22,8.22,0.15K,0.37%
12/20/2015,8.19,8.19,8.19,8.19,0.01K,1.61%
12/13/2015,8.06,7.99,8.12,7.9,23.82K,-0.12%
12/6/2015,8.07,8.52,8.53,7.93,131.79K,-5.28%
11/29/2015,8.52,8.56,8.65,8.42,91.03K,-0.70%
11/22/2015,8.58,8.62,8.62,8.56,0.01K,0.82%
11/15/2015,8.51,8.38,8.55,8.38,0.02K,1.43%
11/8/2015,8.39,8.39,8.39,8.39,0.96K,-0.12%
11/1/2015,8.4,8.5,8.5,8.48,0.02K,-2.67%
10/25/2015,8.63,8.56,8.56,8.56,0.01K,0.12%
10/18/2015,8.62,8.46,8.53,8.46,0.03K,2.86%
10/11/2015,8.38,8.32,8.47,8.32,0.01K,0.60%
10/4/2015,8.33,8.33,8.33,8.33,0.25K,2.46%
9/27/2015,8.13,7.96,8.15,7.9,0.59K,1.88%
9/20/2015,7.98,8.08,8.08,7.96,0.87K,-1.36%
9/13/2015,8.09,8.23,8.23,8.13,2.95K,-1.82%
9/6/2015,8.24,8.1,8.27,8.1,0.17K,2.11%
8/30/2015,8.07,7.99,8.15,7.99,0.13K,-0.25%
8/23/2015,8.09,8.13,8.13,8.03,0.32K,-1.10%
8/16/2015,8.18,8.25,8.29,8.18,0.05K,-1.45%
8/9/2015,8.3,7.93,8.21,7.93,0.09K,6.96%
8/2/2015,7.76,7.91,7.95,7.8,0.23K,-1.15%
7/26/2015,7.85,7.97,8.04,7.87,0.09K,-1.63%
7/19/2015,7.98,7.98,7.98,7.98,0.30K,3.37%
7/12/2015,7.72,7.65,7.81,7.65,0.08K,1.71%
7/5/2015,7.59,7.39,7.39,7.33,0.06K,2.29%
6/28/2015,7.42,7.3,7.47,7.3,1.12K,-1.33%
6/21/2015,7.52,7.47,7.55,7.47,5.44K,1.48%
6/14/2015,7.41,7.57,7.57,7.4,1.83K,-2.63%
6/7/2015,7.61,7.51,7.6,7.51,6.00K,2.84%
5/31/2015,7.4,7.25,7.53,7.25,1.23K,1.09%
5/24/2015,7.32,7.37,7.37,7.17,1.25K,0.27%
5/17/2015,7.3,7.53,7.55,7.27,0.13K,-3.82%
5/10/2015,7.59,7.54,7.68,7.51,1.09K,0.80%
5/3/2015,7.53,7.55,7.67,7.54,0.08K,0.67%
4/26/2015,7.48,7.3,7.5,7.15,0.45K,2.75%
4/19/2015,7.28,7.1,7.32,7.06,1.92K,6.43%
4/12/2015,6.84,6.92,6.92,6.8,0.79K,-1.44%
4/5/2015,6.94,7.14,7.15,6.97,2.47K,-2.94%
3/29/2015,7.15,6.79,7.19,6.79,0.45K,5.77%
3/22/2015,6.76,6.97,7.07,6.8,3.76K,-3.98%
3/15/2015,7.04,6.39,6.95,6.36,40.95K,8.98%
3/8/2015,6.46,6.74,6.82,6.23,7.05K,-5.00%
3/1/2015,6.8,7.01,7.03,6.62,6.59K,-4.23%
2/22/2015,7.1,7.2,7.74,6.93,18.57K,-3.01%
2/15/2015,7.32,7.59,7.79,7.3,1.01K,-4.06%
2/8/2015,7.63,6.87,7.59,6.81,1.18K,9.78%
2/1/2015,6.95,7.08,7.12,6.85,2.84K,-1.84%
1/25/2015,7.08,6.82,7.09,6.77,2.48K,4.12%
1/18/2015,6.8,7.07,7.34,6.77,15.62K,-4.63%
1/11/2015,7.13,6.65,7.31,6.63,4.45K,6.26%
1/4/2015,6.71,6.92,6.92,6.66,2.69K,-4.28%
