date,carbon_price_change_pct
2015-04-05,-2.93706293706294
2015-04-12,-1.4409221902017322
2015-04-19,6.432748538011701
2015-04-26,2.74725274725276
2015-05-03,0.6684491978609541
2015-05-10,0.7968127490039834
2015-05-17,-3.820816864295129
2015-05-24,0.273972602739736
2015-05-31,1.0928961748633892
2015-06-07,2.837837837837842
2015-06-14,-2.628120893561104
2015-06-21,1.4844804318488558
2015-06-28,-1.3297872340425454
2015-07-05,2.2911051212938016
2015-07-12,1.7127799736495364
2015-07-19,3.3678756476684057
2015-07-26,-1.6290726817042689
2015-08-02,-1.146496815286624
2015-08-09,6.958762886597958
2015-08-16,-1.4457831325301318
2015-08-23,-1.1002444987775029
2015-08-30,-0.2472187886279342
2015-09-06,2.106567534076831
2015-09-13,-1.820388349514568
2015-09-20,-1.3597033374536438
2015-09-27,1.879699248120304
2015-10-04,2.460024600245992
2015-10-11,0.6002400960384291
2015-10-18,2.8639618138424527
2015-10-25,0.1160092807424684
2015-11-01,-2.665121668597914
2015-11-08,-0.1190476190476186
2015-11-15,1.4302741358760418
2015-11-22,0.8225616921269108
2015-11-29,-0.6993006993007089
2015-12-06,-5.281690140845063
2015-12-13,-0.1239157372986299
2015-12-20,1.6129032258064502
2015-12-27,0.3663003663003872
2016-01-03,-9.85401459854015
2016-01-10,-9.986504723346831
2016-01-17,-5.247376311844077
2016-01-24,-4.430379746835444
2016-01-31,-8.278145695364236
2016-02-07,-8.844765342960292
2016-02-14,1.980198019801982
2016-02-21,-3.300970873786402
2016-02-28,-1.2048192771084487
2016-03-06,1.2195121951219523
2016-03-13,-1.0040160642570406
2016-03-20,-1.8255578093306248
2016-03-27,6.6115702479338845
2016-04-03,4.844961240310086
2016-04-10,1.109057301293892
2016-04-17,8.957952468007324
2016-04-24,3.523489932885915
2016-05-01,-5.186385737439226
2016-05-08,-0.1709401709401703
2016-05-15,1.8835616438356293
2016-05-22,1.17647058823529
2016-05-29,-1.4950166112956742
2016-06-05,0.1686340640809636
2016-06-12,-4.7138047138047146
2016-06-19,-12.54416961130742
2016-06-26,-6.8686868686868685
2016-07-03,-1.7353579175705014
2016-07-10,8.609271523178808
2016-07-17,-7.520325203252032
2016-07-24,-3.076923076923066
2016-07-31,7.029478458049887
2016-08-07,3.601694915254239
2016-08-14,-2.6584867075664653
2016-08-21,-1.470588235294101
2016-08-28,-13.006396588486147
2016-09-04,0.0
2016-09-11,6.8627450980392135
2016-09-18,4.128440366972463
2016-09-25,9.251101321585908
2016-10-02,14.717741935483875
2016-10-09,2.1089630931458547
2016-10-16,1.376936316695354
2016-10-23,-0.1697792869269965
2016-10-30,9.013605442176864
2016-11-06,-11.544461778471138
2016-11-13,-1.5873015873015817
2016-11-20,-10.39426523297491
2016-11-27,-14.000000000000002
2016-12-04,3.720930232558151
2016-12-11,10.538116591928247
2016-12-18,26.166328600405684
2016-12-25,5.144694533762073
2017-01-01,-23.088685015290512
2017-01-08,0.0
2017-01-15,7.753479125248508
2017-01-22,-9.409594095940951
2017-01-29,11.812627291242372
2017-02-05,-0.7285974499089298
2017-02-12,-2.5688073394495525
2017-02-19,7.909604519774027
2017-02-26,3.664921465968596
2017-03-05,-7.239057239057245
2017-03-12,-0.5444646098003547
2017-03-19,-6.751824817518248
2017-03-26,-1.3698630136986356
2017-04-02,4.166666666666674
2017-04-09,1.333333333333342
2017-04-16,-7.14285714285714
2017-04-23,0.0
2017-04-30,0.0
2017-05-07,-2.226720647773284
2017-05-14,8.074534161490687
2017-05-21,6.896551724137945
2017-05-28,-0.7168458781361964
2017-06-04,-2.166064981949456
2017-06-11,-2.952029520295208
2017-06-18,-0.1901140684410607
2017-06-25,3.23809523809524
2017-07-02,5.904059040590415
2017-07-09,1.3937282229965264
2017-07-16,-3.7800687285223455
2017-07-23,1.6071428571428736
2017-07-30,2.987697715289972
2017-08-06,2.2184300341296925
2017-08-13,7.011686143572615
2017-08-20,4.368174726989094
2017-08-27,-3.8863976083707175
2017-09-03,17.573872472783837
2017-09-10,-1.5873015873015817
2017-09-17,-4.032258064516137
2017-09-24,6.302521008403361
2017-10-01,-0.922266139657446
2017-10-08,3.457446808510656
2017-10-15,2.827763496143953
2017-10-22,-4.8749999999999964
2017-10-29,9.329829172141912
2017-11-05,-5.528846153846157
2017-11-12,0.8905852417302684
2017-11-19,3.530895334174033
2017-11-26,-0.974421437271622
2017-12-03,-6.765067650676516
2017-12-10,0.923482849604218
2017-12-17,12.67973856209148
2017-12-24,-0.2320185614849146
2017-12-31,-4.767441860465116
2018-01-07,0.8547008547008517
2018-01-14,11.985472154963684
2018-01-21,4.540540540540539
2018-01-28,-1.4477766287487093
2018-02-04,2.728226652675758
2018-02-11,3.472931562819226
2018-02-18,2.9615004935834133
2018-02-25,3.259827420901251
2018-03-04,9.47075208913648
2018-03-11,-0.5089058524172962
2018-03-18,12.78772378516624
2018-03-25,6.122448979591821
2018-04-01,-1.9943019943019944
2018-04-08,7.848837209302317
2018-04-15,-5.525606469002698
2018-04-22,3.9942938659058624
2018-04-29,-3.703703703703709
2018-05-06,11.680911680911676
2018-05-13,4.464285714285721
2018-05-20,4.82295482295485
2018-05-27,-3.6109493302271423
2018-06-03,3.92749244712991
2018-06-10,-7.0930232558139465
2018-06-17,3.942428035043788
2018-06-24,-0.6020469596628386
2018-07-01,4.663840096910965
2018-07-08,2.372685185185186
2018-07-15,6.105144149236841
2018-07-22,1.7048481619605704
2018-07-29,2.304871660555264
2018-08-05,1.024065540194563
2018-08-12,1.5712113532691196
2018-08-19,13.922155688622762
2018-08-26,1.620674551029344
2018-09-02,9.18103448275862
2018-09-09,-11.488353730754032
2018-09-16,10.972346119536123
2018-09-23,-1.0048231511254002
2018-09-30,5.968331303288688
2018-10-07,-7.241379310344831
2018-10-14,-6.484923585295332
2018-10-21,-9.054770318021198
2018-10-28,-6.847984458474987
2018-11-04,12.877997914494266
2018-11-11,-1.5704387990762123
2018-11-18,5.114969497888322
2018-11-25,1.3392857142857206
2018-12-02,-0.4405286343612258
2018-12-09,13.982300884955755
2018-12-16,4.69720496894408
2018-12-23,0.1853911753800563
2018-12-30,-5.033308660251668
2019-01-06,-4.442712392829307
2019-01-13,8.60522022838499
2019-01-20,-3.567405182125416
2019-01-27,-8.294392523364479
2019-02-03,1.5286624203821653
2019-02-10,-7.8209953994144765
2019-02-17,-7.304900181488206
2019-02-24,16.15271659324524
2019-03-03,3.329119258322799
2019-03-10,-2.446982055464919
2019-03-17,-8.068561872909708
2019-03-24,3.774442928603916
2019-03-31,13.496932515337411
2019-04-07,7.413127413127429
2019-04-14,1.1502516175413424
2019-04-21,-3.731343283582089
2019-04-28,-2.9531192321890054
2019-05-05,1.2552301255230214
2019-05-12,-2.479338842975209
2019-05-19,1.8489984591679496
2019-05-26,-3.7443267776096856
2019-06-02,0.8251473477406623
2019-06-09,1.9095869056897865
2019-06-16,1.0325047801147402
2019-06-23,4.087812263436774
2019-06-30,0.6181818181818288
2019-07-07,9.360318033971817
2019-07-14,0.3965631196298558
2019-07-21,-2.073732718894006
2019-07-28,2.8907563025210026
2019-08-04,-4.083632799738646
2019-08-11,-7.527247956403271
2019-08-18,-3.35174953959484
2019-08-25,4.306402439024404
2019-09-01,-4.822798684691265
2019-09-08,5.105566218809976
2019-09-15,0.7669831994156384
2019-09-22,-4.530627038782164
2019-09-29,-9.2255125284738
2019-10-06,6.064408197406945
2019-10-13,5.6782334384858135
2019-10-20,-3.731343283582089
2019-10-27,0.8527131782945618
2019-11-03,-1.7678708685626487
2019-11-10,-3.873239436619713
2019-11-17,3.011803011803016
2019-11-24,2.4891347293559907
2019-12-01,-1.0023130300694016
2019-12-08,-3.777258566978192
2019-12-15,10.117361392148938
2019-12-22,0.1470047776552796
2019-12-29,-6.422018348623848
2020-01-05,-3.019607843137251
2020-01-12,5.0141528507885
2020-01-19,-4.235656526761645
2020-01-26,-2.2517088862082923
2020-02-02,-2.303578774167004
2020-02-09,4.042105263157891
2020-02-16,5.341966815054633
2020-02-23,-7.721859393008068
2020-03-01,-0.7910074937552136
2020-03-08,-6.084767100293743
2020-03-15,-24.754244861483464
2020-03-22,1.6033254156769594
2020-03-29,9.468147282291062
2020-04-05,16.711158569140405
2020-04-12,2.836230558096986
2020-04-19,-4.225978647686834
2020-04-26,-8.035299581978638
2020-05-03,1.868686868686864
2020-05-10,-1.0411502231036265
2020-05-17,11.172344689378754
2020-05-24,-0.0450653447498949
2020-05-31,8.29576194770063
2020-06-07,-5.162364696086586
2020-06-14,9.394205443371373
2020-06-21,2.1669341894061
2020-06-28,12.49018067556953
2020-07-05,3.9804469273742926
2020-07-12,-3.4251175285426427
2020-07-19,-5.180806675938809
2020-07-26,-0.1833516685001868
2020-08-02,0.3673769287288797
2020-08-09,-3.513909224011713
2020-08-16,0.4552352048558417
2020-08-23,14.728096676737156
2020-08-30,-7.406188281764314
2020-09-06,3.057234269463205
2020-09-13,-1.0693342531907457
2020-09-20,-6.72942817294282
2020-09-27,3.140186915887844
2020-10-04,-4.893077201884744
2020-10-11,-3.2012195121951192
2020-10-18,2.2834645669291387
2020-10-25,-6.889915319476514
2020-11-01,6.862339809838769
2020-11-08,3.210831721470009
2020-11-15,1.761619190404784
2020-11-22,5.303867403314921
2020-11-29,6.92549842602308
2020-12-06,1.341184167484455
2020-12-13,1.226597805035512
2020-12-20,3.34821428571428
2020-12-27,1.635297747608777
2021-01-03,6.678809957498499
2021-01-10,-9.049516220830956
2021-01-17,7.790988735919901
2021-01-24,-3.686502177068218
2021-01-31,15.822784810126578
2021-02-07,4.813947436898269
2021-02-14,-6.405163853028794
2021-02-21,-0.2652519893899252
2021-02-28,4.680851063829783
2021-03-07,9.730691056910556
2021-03-14,-2.037508682565403
2021-03-21,-0.5199716379106545
2021-03-28,1.7106200997861754
2021-04-04,2.849801448259748
2021-04-11,1.748807631160565
2021-04-18,5.75892857142859
2021-04-25,4.073448712536942
2021-05-02,3.285337659703913
2021-05-09,12.36991949734929
2021-05-16,-8.387209505504101
2021-05-23,-1.621209231356091
2021-05-30,-2.15199689802249
2021-06-06,5.151575193184077
2021-06-13,-1.5262860373092213
2021-06-20,6.161500191350933
2021-06-27,4.109589041095885
2021-07-04,-5.349722991689743
2021-07-11,-2.542527894640567
2021-07-18,-3.791291291291299
2021-07-25,4.740538431525554
2021-08-01,6.202272303967238
2021-08-08,-2.2448263767099297
2021-08-15,-1.829924650161474
2021-08-22,8.406432748538005
2021-08-29,3.894133513149023
2021-09-05,-0.6652604251176419
2021-09-12,-2.2868343678536407
2021-09-19,5.800735539953195
2021-09-26,-1.327223890030016
2021-10-03,-5.908726981585277
2021-10-10,1.7528931245745394
2021-10-17,-1.9233985616323723
2021-10-24,0.7503410641200414
2021-10-31,1.1002031144211166
2021-11-07,6.44567219152854
2021-11-14,9.547027367096582
2021-11-21,4.982053122756636
2021-11-28,7.549234135667393
2021-12-05,7.286368260427278
2021-12-12,-12.26739362332584
2021-12-19,3.0937584436638854
2021-12-26,5.687328004193426
2022-01-02,5.914445133292001
2022-01-09,-3.9100913135097226
2022-01-16,2.911793372319682
2022-01-23,5.623298212383099
2022-01-30,8.103564223268322
2022-02-06,-3.711767755313633
2022-02-13,-3.661031549477767
2022-02-20,-1.4865317983681623
2022-02-27,-26.140231449965967
2022-03-06,17.91090629800309
2022-03-13,2.774882751433028
2022-03-20,-0.3676004563316071
2022-03-27,-0.1399491094147609
2022-04-03,2.038476239011344
2022-04-10,-0.1498314396304212
2022-04-17,11.27922971114168
2022-04-24,-5.101696819867396
2022-05-01,8.395500296033154
2022-05-08,-3.342800961328385
2022-05-15,-9.143309222423143
2022-05-22,4.739395447194927
2022-05-29,3.1710213776722007
2022-06-05,-5.767238402210206
2022-06-12,0.6230149034937682
2022-06-19,1.286876289911376
2022-06-26,2.577010667625545
2022-07-03,-3.2601075017527403
2022-07-10,3.128397149414175
2022-07-17,-10.634809088779573
2022-07-24,2.948885976408921
2022-07-31,7.905792488860608
2022-08-07,4.84898537045777
2022-08-14,10.284685495667834
2022-08-21,-7.85634118967452
2022-08-28,-13.752629830583553
2022-09-04,-15.16240852484273
2022-09-11,10.880750605326872
2022-09-18,-10.236113006687598
2022-09-25,1.459632051087123
2022-10-02,4.675558219691278
2022-10-09,-2.619899785254109
2022-10-16,1.029109085563085
2022-10-23,18.17520372526193
2022-10-30,-5.9721709149119455
2022-11-06,-0.6809848088004111
2022-11-13,-4.443565400843886
2022-11-20,8.969228646336425
2022-11-27,11.409395973154378
2022-12-04,-0.2841554898840637
2022-12-11,-4.616436794711043
2022-12-18,3.788240917782004
2022-12-25,-8.578008059873332
2023-01-01,-4.848866498740567
2023-01-08,2.183984116479154
2023-01-15,6.994818652849721
2023-01-22,5.254237288135588
2023-01-29,4.554865424430643
2023-02-05,-0.5060506050605151
2023-02-12,3.195488721804507
2023-02-19,1.5643415836279928
2023-02-26,-5.823399092731307
2023-03-05,8.468690489526164
2023-03-12,-11.628627491479914
2023-03-19,-0.1986677573915907
2023-03-26,7.435597189695553
2023-04-02,5.449591280653943
2023-04-09,-2.72868217054264
2023-04-16,-4.515991924343854
2023-04-23,-2.4593812597373588
2023-04-30,-3.069024529378217
2023-05-07,4.67278719397366
2023-05-14,0.5622399640166531
2023-05-21,-7.044615900704477
2023-05-28,-5.545531095873935
2023-06-04,9.704533876719324
2023-06-11,6.7100069654051575
2023-06-18,-4.754134029590951
2023-06-25,2.3072529982866907
2023-07-02,-3.818242715194808
2023-07-09,0.2321532211259303
2023-07-16,6.334684423856407
2023-07-23,-3.397952515791758
2023-07-30,-5.963923337091326
2023-08-06,4.064260879990411
2023-08-13,1.440092165898621
2023-08-20,-3.18001135718341
2023-08-27,0.4574780058651084
2023-09-03,-4.694068192433443
2023-09-10,0.588091154128878
2023-09-17,3.897685749086488
2023-09-24,-4.513481828839383
2023-10-01,-1.0190300798035623
2023-10-08,6.251550483750923
2023-10-15,-4.657950035022173
2023-10-22,-2.8284559813885224
2023-10-29,-2.7217741935483875
2023-11-05,1.6839378238342029
2023-11-12,-2.8917197452229204
2023-11-19,0.3017184835366615
2023-11-26,-5.244572325398888
2023-12-03,-5.286404416839197
2023-12-10,-1.530166132322952
2023-12-17,13.867100784371766
2023-12-24,1.351702625422413
2023-12-31,-5.14234419081816
2024-01-07,-13.748817088008655
2024-01-14,-0.5956112852664508
2024-01-21,-0.5045726900031577
2024-01-28,0.6339144215530945
